"","T1_Age","T1_Gender","T1_Ethnicity","T1_Education","T1_PolParty","ID","T6_ActPast_Prevent_Self","T6_ActPast_Prevent_Mask","T6_ActPast_Prevent_Sanitize","T6_ActPast_SocialDistance","T6_ActPast_SelfIsolate","T6_ActPresent_Prevent_Self","T6_ActPresent_Prevent_Mask","T6_ActPresent_Prevent_Sanitize","T6_ActPresent_SocialDistance","T6_ActPresent_SelfIsolate","T6_BFI_2_XS_extravert1","T6_BFI_2_XS_agreeable1","T6_BFI_2_XS_conscientious1","T6_BFI_2_XS_neurotic1","T6_BFI_2_XS_open1","T6_BFI_2_XS_extravert2","T6_BFI_2_XS_agreeable2","T6_BFI_2_XS_conscientious2","T6_BFI_2_XS_neurotic2","T6_BFI_2_XS_open2","T6_BFI_2_XS_extravert3","T6_BFI_2_XS_agreeable3","T6_BFI_2_XS_conscientious3","T6_BFI_2_XS_neurotic3","T6_BFI_2_XS_open3"
"1",NA,NA,NA,NA,NA,1,NA,NA,NA,NA,NA,NA,NA,NA,NA,NA,NA,NA,NA,NA,NA,NA,NA,NA,NA,NA,NA,NA,NA,NA,NA
"2",41,1,2,5,1,2,NA,NA,NA,NA,NA,NA,NA,NA,NA,NA,NA,NA,NA,NA,NA,NA,NA,NA,NA,NA,NA,NA,NA,NA,NA
"3",52,2,2,5,1,3,4,4,4,4,4,4,4,4,4,4,4,4,1,4,4,0,0,1,3,0,1,4,4,3,4
"4",60,1,2,6,1,4,NA,NA,NA,NA,NA,NA,NA,NA,NA,NA,NA,NA,NA,NA,NA,NA,NA,NA,NA,NA,NA,NA,NA,NA,NA
"5",39,2,2,6,1,5,NA,NA,NA,NA,NA,NA,NA,NA,NA,NA,NA,NA,NA,NA,NA,NA,NA,NA,NA,NA,NA,NA,NA,NA,NA
"6",28,1,2,6,1,6,1,3,0,2,0,1,3,0,2,0,1,0,2,1,0,2,3,3,1,2,2,0,3,3,1
"7",35,2,5,7,2,7,NA,NA,NA,NA,NA,NA,NA,NA,NA,NA,NA,NA,NA,NA,NA,NA,NA,NA,NA,NA,NA,NA,NA,NA,NA
"8",68,2,2,5,2,8,4,4,3,4,4,4,4,3,4,4,3,3,1,1,3,3,2,1,3,1,1,1,1,2,3
"9",60,1,2,4,1,9,0,0,0,0,0,0,0,0,0,0,4,4,0,0,2,0,2,0,0,4,0,4,4,4,2
"10",28,1,2,7,1,10,4,3,3,3,2,4,3,3,2,2,1,3,0,0,2,3,1,0,0,0,3,1,3,3,3
"11",66,1,2,5,2,11,NA,NA,NA,NA,NA,NA,NA,NA,NA,NA,NA,NA,NA,NA,NA,NA,NA,NA,NA,NA,NA,NA,NA,NA,NA
"12",50,1,2,7,2,12,NA,NA,NA,NA,NA,NA,NA,NA,NA,NA,NA,NA,NA,NA,NA,NA,NA,NA,NA,NA,NA,NA,NA,NA,NA
"13",43,1,2,6,1,13,4,4,4,4,2,4,4,4,4,2,3,3,0,0,3,3,1,0,0,1,3,2,4,3,4
"14",33,1,2,4,1,14,4,0,4,4,4,4,0,4,4,4,3,4,1,4,4,2,2,1,4,4,0,2,4,0,4
"15",64,1,2,6,1,15,NA,NA,NA,NA,NA,NA,NA,NA,NA,NA,NA,NA,NA,NA,NA,NA,NA,NA,NA,NA,NA,NA,NA,NA,NA
"16",23,2,2,6,2,16,3,4,2,2,3,4,4,2,2,2,0,4,3,4,4,0,0,1,1,1,3,4,4,0,1
"17",45,2,5,5,2,17,NA,NA,NA,NA,NA,NA,NA,NA,NA,NA,NA,NA,NA,NA,NA,NA,NA,NA,NA,NA,NA,NA,NA,NA,NA
"18",41,1,2,6,2,18,NA,NA,NA,NA,NA,NA,NA,NA,NA,NA,NA,NA,NA,NA,NA,NA,NA,NA,NA,NA,NA,NA,NA,NA,NA
"19",35,1,2,6,1,19,4,2,1,1,2,4,2,0,2,2,4,1,1,4,0,2,2,3,4,1,0,0,4,3,3
"20",62,2,2,4,1,20,NA,NA,NA,NA,NA,NA,NA,NA,NA,NA,NA,NA,NA,NA,NA,NA,NA,NA,NA,NA,NA,NA,NA,NA,NA
"21",25,2,2,6,3,21,NA,NA,NA,NA,NA,NA,NA,NA,NA,NA,NA,NA,NA,NA,NA,NA,NA,NA,NA,NA,NA,NA,NA,NA,NA
"22",50,1,2,7,2,22,4,4,2,4,2,4,4,3,4,2,3,4,1,0,4,0,0,0,0,0,2,4,4,4,4
"23",27,1,5,6,2,23,4,4,2,4,4,4,4,2,4,4,4,4,0,2,2,2,1,2,3,1,1,1,4,4,2
"24",30,1,2,6,2,24,3,3,2,3,2,4,4,4,4,2,3,2,0,1,2,2,3,1,2,1,1,2,4,3,3
"25",30,2,2,6,2,25,3,3,3,3,1,4,4,4,4,2,0,2,2,4,0,1,2,1,1,4,2,2,2,2,1
"26",47,1,5,5,1,26,3,4,3,3,3,4,4,4,4,4,4,2,0,0,1,2,2,0,0,1,3,2,3,4,3
"27",70,1,2,6,2,27,3,3,2,4,2,4,4,2,4,2,1,3,0,0,3,2,1,0,0,0,3,2,3,3,2
"28",40,1,2,6,2,28,3,3,2,2,2,4,4,3,2,2,2,3,0,3,3,2,2,1,1,1,2,3,4,3,3
"29",70,1,2,7,4,29,NA,NA,NA,NA,NA,NA,NA,NA,NA,NA,NA,NA,NA,NA,NA,NA,NA,NA,NA,NA,NA,NA,NA,NA,NA
"30",45,1,2,7,1,30,4,1,2,2,0,4,1,3,2,0,2,2,2,1,1,3,1,1,1,1,2,3,3,4,3
"31",45,1,2,6,1,31,4,3,1,4,3,4,4,1,4,4,4,2,4,3,3,1,2,3,1,0,0,0,2,1,3
"32",52,2,2,5,1,32,NA,NA,NA,NA,NA,NA,NA,NA,NA,NA,NA,NA,NA,NA,NA,NA,NA,NA,NA,NA,NA,NA,NA,NA,NA
"33",29,6,5,5,2,33,NA,NA,NA,NA,NA,NA,NA,NA,NA,NA,NA,NA,NA,NA,NA,NA,NA,NA,NA,NA,NA,NA,NA,NA,NA
"34",35,2,2,7,2,34,4,4,1,4,3,4,4,2,4,3,1,2,4,2,4,2,3,4,2,0,2,1,3,2,4
"35",35,1,2,5,2,35,NA,NA,NA,NA,NA,NA,NA,NA,NA,NA,NA,NA,NA,NA,NA,NA,NA,NA,NA,NA,NA,NA,NA,NA,NA
"36",39,1,2,7,2,36,NA,NA,NA,NA,NA,NA,NA,NA,NA,NA,NA,NA,NA,NA,NA,NA,NA,NA,NA,NA,NA,NA,NA,NA,NA
"37",58,1,2,6,2,37,NA,NA,NA,NA,NA,NA,NA,NA,NA,NA,NA,NA,NA,NA,NA,NA,NA,NA,NA,NA,NA,NA,NA,NA,NA
"38",50,2,2,4,2,38,4,4,4,4,4,4,4,4,4,4,1,4,0,3,3,2,0,0,0,3,2,3,4,3,1
"39",47,1,2,5,2,39,NA,NA,NA,NA,NA,NA,NA,NA,NA,NA,NA,NA,NA,NA,NA,NA,NA,NA,NA,NA,NA,NA,NA,NA,NA
"40",43,2,2,6,1,40,3,0,0,0,0,3,0,1,0,0,3,2,1,4,1,1,1,1,3,4,0,2,3,1,1
"41",37,2,2,7,2,41,NA,NA,NA,NA,NA,NA,NA,NA,NA,NA,NA,NA,NA,NA,NA,NA,NA,NA,NA,NA,NA,NA,NA,NA,NA
"42",61,2,2,6,2,42,4,4,4,3,3,4,4,4,4,3,4,4,3,3,4,1,0,2,2,2,1,3,4,1,2
"43",28,1,2,7,1,43,4,4,4,4,4,4,4,4,4,4,4,4,0,0,4,4,0,0,0,0,4,4,4,4,4
"44",35,1,2,6,1,44,NA,NA,NA,NA,NA,NA,NA,NA,NA,NA,NA,NA,NA,NA,NA,NA,NA,NA,NA,NA,NA,NA,NA,NA,NA
"45",51,1,2,4,2,45,NA,NA,NA,NA,NA,NA,NA,NA,NA,NA,NA,NA,NA,NA,NA,NA,NA,NA,NA,NA,NA,NA,NA,NA,NA
"46",36,2,2,7,1,46,NA,NA,NA,NA,NA,NA,NA,NA,NA,NA,NA,NA,NA,NA,NA,NA,NA,NA,NA,NA,NA,NA,NA,NA,NA
"47",29,1,2,6,1,47,2,2,0,2,0,2,2,0,2,0,1,3,2,2,1,3,1,0,0,1,4,3,4,3,3
"48",41,2,2,5,1,48,NA,NA,NA,NA,NA,NA,NA,NA,NA,NA,NA,NA,NA,NA,NA,NA,NA,NA,NA,NA,NA,NA,NA,NA,NA
"49",43,1,2,4,1,49,4,4,2,4,4,4,4,4,4,4,1,4,3,4,1,3,3,3,0,1,0,4,4,4,4
"50",37,2,2,7,1,50,4,4,2,2,2,4,4,2,2,2,4,3,1,4,2,0,0,1,0,4,2,1,2,3,3
"51",33,1,2,4,3,51,NA,NA,NA,NA,NA,NA,NA,NA,NA,NA,NA,NA,NA,NA,NA,NA,NA,NA,NA,NA,NA,NA,NA,NA,NA
"52",43,2,2,5,1,52,NA,NA,NA,NA,NA,NA,NA,NA,NA,NA,NA,NA,NA,NA,NA,NA,NA,NA,NA,NA,NA,NA,NA,NA,NA
"53",62,1,2,7,2,53,4,4,2,3,0,4,4,1,3,1,3,3,1,2,4,1,0,1,2,1,1,2,3,3,2
"54",46,1,2,5,1,54,2,1,0,2,0,2,1,1,1,0,0,1,4,3,0,3,3,4,3,3,2,3,1,1,4
"55",49,1,2,4,1,55,4,4,4,4,3,4,4,4,4,3,4,3,0,4,4,1,1,2,4,0,0,1,4,2,3
"56",42,2,2,6,1,56,3,2,1,3,1,3,2,1,3,2,3,1,1,0,1,3,1,1,0,1,3,0,4,3,3
"57",28,2,4,5,2,57,NA,NA,NA,NA,NA,NA,NA,NA,NA,NA,NA,NA,NA,NA,NA,NA,NA,NA,NA,NA,NA,NA,NA,NA,NA
"58",51,1,4,5,1,58,NA,NA,NA,NA,NA,NA,NA,NA,NA,NA,NA,NA,NA,NA,NA,NA,NA,NA,NA,NA,NA,NA,NA,NA,NA
"59",29,1,2,6,2,59,NA,NA,NA,NA,NA,NA,NA,NA,NA,NA,NA,NA,NA,NA,NA,NA,NA,NA,NA,NA,NA,NA,NA,NA,NA
"60",44,2,2,5,2,60,4,4,2,3,3,4,4,2,4,3,4,3,4,4,4,1,1,4,4,2,1,3,3,0,2
"61",35,2,2,6,1,61,4,1,3,3,1,4,1,4,4,1,0,3,1,2,1,4,1,1,1,0,2,3,3,3,4
"62",28,2,2,6,2,62,4,4,4,4,2,4,4,4,4,3,3,3,4,0,4,2,1,3,0,1,1,0,4,4,3
"63",48,2,2,5,1,63,3,3,3,3,3,4,3,3,3,3,2,3,0,4,2,3,1,0,0,2,2,1,4,3,3
"64",66,2,2,5,1,64,NA,NA,NA,NA,NA,NA,NA,NA,NA,NA,NA,NA,NA,NA,NA,NA,NA,NA,NA,NA,NA,NA,NA,NA,NA
"65",32,2,2,6,2,65,4,4,1,4,4,4,4,1,4,4,4,4,3,4,4,0,2,4,4,0,1,1,4,4,3
"66",31,1,2,7,2,66,4,4,3,4,2,4,4,4,4,2,3,4,0,3,0,3,0,1,1,3,1,3,4,3,1
"67",70,2,2,6,1,67,2,2,1,2,0,2,2,1,2,0,1,4,0,3,4,4,1,0,4,3,1,3,4,3,3
"68",48,1,1,5,3,68,NA,NA,NA,NA,NA,NA,NA,NA,NA,NA,NA,NA,NA,NA,NA,NA,NA,NA,NA,NA,NA,NA,NA,NA,NA
"69",41,1,2,5,2,69,4,4,2,4,3,4,4,2,4,1,4,3,1,0,3,0,1,1,4,1,1,1,4,3,3
"70",31,2,2,4,2,70,4,4,4,4,4,4,4,4,4,4,3,4,0,3,2,1,0,0,0,0,4,4,4,4,3
"71",35,1,2,6,2,71,NA,NA,NA,NA,NA,NA,NA,NA,NA,NA,NA,NA,NA,NA,NA,NA,NA,NA,NA,NA,NA,NA,NA,NA,NA
"72",38,2,2,6,1,72,NA,NA,NA,NA,NA,NA,NA,NA,NA,NA,NA,NA,NA,NA,NA,NA,NA,NA,NA,NA,NA,NA,NA,NA,NA
"73",60,2,2,5,1,73,3,4,2,4,0,4,4,2,4,0,1,4,0,0,1,3,0,0,0,0,3,4,4,4,4
"74",32,2,2,5,1,74,NA,NA,NA,NA,NA,NA,NA,NA,NA,NA,NA,NA,NA,NA,NA,NA,NA,NA,NA,NA,NA,NA,NA,NA,NA
"75",67,1,2,6,1,75,4,4,0,4,4,4,4,0,4,4,3,3,0,0,3,4,3,0,0,0,4,4,4,4,4
"76",54,2,2,6,1,76,NA,NA,NA,NA,NA,NA,NA,NA,NA,NA,NA,NA,NA,NA,NA,NA,NA,NA,NA,NA,NA,NA,NA,NA,NA
"77",62,2,2,5,1,77,4,3,2,2,2,3,2,2,1,2,1,4,0,1,3,0,0,0,0,0,3,4,4,2,4
"78",35,2,2,6,1,78,NA,NA,NA,NA,NA,NA,NA,NA,NA,NA,NA,NA,NA,NA,NA,NA,NA,NA,NA,NA,NA,NA,NA,NA,NA
"79",43,1,2,6,1,79,2,2,2,2,2,2,2,2,2,2,3,2,1,2,2,1,1,1,1,2,3,1,3,2,2
"80",37,1,2,4,3,80,NA,NA,NA,NA,NA,NA,NA,NA,NA,NA,NA,NA,NA,NA,NA,NA,NA,NA,NA,NA,NA,NA,NA,NA,NA
"81",21,2,2,4,1,81,NA,NA,NA,NA,NA,NA,NA,NA,NA,NA,NA,NA,NA,NA,NA,NA,NA,NA,NA,NA,NA,NA,NA,NA,NA
"82",28,2,4,5,2,82,NA,NA,NA,NA,NA,NA,NA,NA,NA,NA,NA,NA,NA,NA,NA,NA,NA,NA,NA,NA,NA,NA,NA,NA,NA
"83",74,1,2,6,2,83,4,4,4,4,4,4,4,4,4,4,0,4,2,1,4,2,0,2,0,3,2,3,3,3,2
"84",39,1,5,6,1,84,4,4,1,4,0,4,4,1,4,1,4,3,3,4,2,0,1,4,4,0,0,0,3,0,3
"85",39,2,2,7,2,85,NA,NA,NA,NA,NA,NA,NA,NA,NA,NA,NA,NA,NA,NA,NA,NA,NA,NA,NA,NA,NA,NA,NA,NA,NA
"86",38,1,2,6,1,86,NA,NA,NA,NA,NA,NA,NA,NA,NA,NA,NA,NA,NA,NA,NA,NA,NA,NA,NA,NA,NA,NA,NA,NA,NA
"87",33,1,2,7,3,87,NA,NA,NA,NA,NA,NA,NA,NA,NA,NA,NA,NA,NA,NA,NA,NA,NA,NA,NA,NA,NA,NA,NA,NA,NA
"88",43,2,2,5,1,88,3,3,2,2,2,4,3,3,2,1,1,3,3,3,1,1,1,3,2,3,3,2,2,1,1
"89",51,2,2,6,2,89,4,4,2,4,2,4,4,2,4,0,2,3,1,2,3,2,1,1,1,1,2,2,3,3,3
"90",32,1,2,7,2,90,NA,NA,NA,NA,NA,NA,NA,NA,NA,NA,NA,NA,NA,NA,NA,NA,NA,NA,NA,NA,NA,NA,NA,NA,NA
"91",46,1,2,6,1,91,2,2,0,3,3,1,2,0,3,2,3,3,3,1,1,2,0,2,2,3,1,3,3,3,1
"92",32,2,6,7,1,92,NA,NA,NA,NA,NA,NA,NA,NA,NA,NA,NA,NA,NA,NA,NA,NA,NA,NA,NA,NA,NA,NA,NA,NA,NA
"93",21,1,2,5,1,93,3,4,1,2,3,1,3,3,1,3,1,2,1,3,1,1,2,2,1,2,3,3,1,3,0
"94",54,1,2,7,4,94,NA,NA,NA,NA,NA,NA,NA,NA,NA,NA,NA,NA,NA,NA,NA,NA,NA,NA,NA,NA,NA,NA,NA,NA,NA
"95",44,1,2,6,1,95,3,2,0,3,2,3,4,1,4,1,1,1,1,2,3,0,1,1,0,0,3,1,3,2,3
"96",48,2,2,6,2,96,NA,NA,NA,NA,NA,NA,NA,NA,NA,NA,NA,NA,NA,NA,NA,NA,NA,NA,NA,NA,NA,NA,NA,NA,NA
"97",30,1,2,7,1,97,NA,NA,NA,NA,NA,NA,NA,NA,NA,NA,NA,NA,NA,NA,NA,NA,NA,NA,NA,NA,NA,NA,NA,NA,NA
"98",65,2,2,6,2,98,NA,NA,NA,NA,NA,NA,NA,NA,NA,NA,NA,NA,NA,NA,NA,NA,NA,NA,NA,NA,NA,NA,NA,NA,NA
"99",69,1,2,6,1,99,3,1,3,4,4,3,3,3,4,4,4,4,1,4,3,0,1,3,4,4,0,2,3,0,1
"100",33,1,4,5,2,100,NA,NA,NA,NA,NA,NA,NA,NA,NA,NA,NA,NA,NA,NA,NA,NA,NA,NA,NA,NA,NA,NA,NA,NA,NA
"101",57,2,2,5,1,101,3,4,3,4,2,4,4,4,4,3,4,4,3,2,3,0,0,2,0,0,2,4,3,3,3
"102",36,1,2,6,2,102,NA,NA,NA,NA,NA,NA,NA,NA,NA,NA,NA,NA,NA,NA,NA,NA,NA,NA,NA,NA,NA,NA,NA,NA,NA
"103",42,2,2,7,2,103,4,4,2,3,0,4,4,3,4,1,1,4,4,3,4,0,0,4,3,1,0,3,1,1,3
"104",52,2,2,6,4,104,NA,NA,NA,NA,NA,NA,NA,NA,NA,NA,NA,NA,NA,NA,NA,NA,NA,NA,NA,NA,NA,NA,NA,NA,NA
"105",39,2,2,6,1,105,4,3,2,3,0,4,3,2,3,0,3,3,0,1,3,2,0,1,1,0,2,3,3,4,2
"106",36,1,2,4,2,106,4,4,2,4,1,4,4,4,4,2,3,3,0,1,2,2,0,0,0,0,2,3,4,3,2
"107",48,2,2,6,1,107,3,3,1,4,0,3,3,1,4,0,4,1,0,1,1,0,0,0,0,4,1,1,3,4,1
"108",42,1,2,5,2,108,NA,NA,NA,NA,NA,NA,NA,NA,NA,NA,NA,NA,NA,NA,NA,NA,NA,NA,NA,NA,NA,NA,NA,NA,NA
"109",24,1,2,6,2,109,4,4,4,4,4,4,4,4,4,4,4,4,0,0,3,2,0,0,0,0,3,3,4,4,3
"110",33,1,2,6,1,110,3,3,4,3,2,3,2,3,2,2,3,0,0,0,0,3,0,0,0,0,2,0,4,4,2
"111",44,2,2,6,1,111,3,4,0,3,0,3,4,1,3,1,3,2,0,1,4,4,0,0,0,3,1,2,4,4,1
"112",44,2,7,6,1,112,NA,NA,NA,NA,NA,NA,NA,NA,NA,NA,NA,NA,NA,NA,NA,NA,NA,NA,NA,NA,NA,NA,NA,NA,NA
"113",72,1,2,7,1,113,3,4,2,4,2,4,4,3,4,2,4,3,0,2,0,4,0,0,3,3,2,3,4,3,2
"114",29,1,5,6,2,114,NA,NA,NA,NA,NA,NA,NA,NA,NA,NA,NA,NA,NA,NA,NA,NA,NA,NA,NA,NA,NA,NA,NA,NA,NA
"115",36,1,2,6,2,115,NA,NA,NA,NA,NA,NA,NA,NA,NA,NA,NA,NA,NA,NA,NA,NA,NA,NA,NA,NA,NA,NA,NA,NA,NA
"116",40,2,2,5,2,116,4,4,4,4,2,4,4,4,4,3,2,4,3,2,3,4,2,3,0,0,1,2,2,2,4
"117",64,1,2,4,2,117,4,4,4,4,0,4,4,4,4,0,4,4,0,0,1,3,2,0,0,3,3,3,4,3,2
"118",29,2,4,6,1,118,NA,NA,NA,NA,NA,NA,NA,NA,NA,NA,NA,NA,NA,NA,NA,NA,NA,NA,NA,NA,NA,NA,NA,NA,NA
"119",50,2,2,3,1,119,NA,NA,NA,NA,NA,NA,NA,NA,NA,NA,NA,NA,NA,NA,NA,NA,NA,NA,NA,NA,NA,NA,NA,NA,NA
"120",24,1,2,6,1,120,3,3,2,3,0,3,3,1,3,0,1,2,1,1,1,3,3,1,2,4,4,1,4,2,3
"121",61,1,2,7,1,121,3,3,3,3,2,3,3,3,3,3,2,4,0,0,2,2,0,0,0,1,1,3,4,4,3
"122",61,1,2,6,3,122,NA,NA,NA,NA,NA,NA,NA,NA,NA,NA,NA,NA,NA,NA,NA,NA,NA,NA,NA,NA,NA,NA,NA,NA,NA
"123",27,2,2,6,2,123,NA,NA,NA,NA,NA,NA,NA,NA,NA,NA,NA,NA,NA,NA,NA,NA,NA,NA,NA,NA,NA,NA,NA,NA,NA
"124",24,2,2,6,1,124,NA,NA,NA,NA,NA,NA,NA,NA,NA,NA,NA,NA,NA,NA,NA,NA,NA,NA,NA,NA,NA,NA,NA,NA,NA
"125",36,1,2,6,2,125,4,3,2,3,3,4,4,2,4,2,3,3,1,1,3,1,2,1,1,1,2,1,3,3,3
"126",34,1,2,7,1,126,NA,NA,NA,NA,NA,NA,NA,NA,NA,NA,NA,NA,NA,NA,NA,NA,NA,NA,NA,NA,NA,NA,NA,NA,NA
"127",27,1,4,5,3,127,NA,NA,NA,NA,NA,NA,NA,NA,NA,NA,NA,NA,NA,NA,NA,NA,NA,NA,NA,NA,NA,NA,NA,NA,NA
"128",38,2,2,6,1,128,4,3,2,3,2,4,3,2,3,2,1,3,3,3,4,3,3,3,3,1,1,1,4,3,3
"129",37,1,2,6,2,129,4,4,2,4,3,4,4,2,4,3,3,2,1,1,1,1,1,1,0,2,3,1,3,3,2
"130",40,2,2,5,1,130,NA,NA,NA,NA,NA,NA,NA,NA,NA,NA,NA,NA,NA,NA,NA,NA,NA,NA,NA,NA,NA,NA,NA,NA,NA
"131",55,1,5,5,1,131,4,4,4,4,3,4,4,4,4,3,4,1,1,3,1,0,3,0,0,2,3,0,4,2,1
"132",37,2,2,6,1,132,NA,NA,NA,NA,NA,NA,NA,NA,NA,NA,NA,NA,NA,NA,NA,NA,NA,NA,NA,NA,NA,NA,NA,NA,NA
"133",49,2,2,7,1,133,NA,NA,NA,NA,NA,NA,NA,NA,NA,NA,NA,NA,NA,NA,NA,NA,NA,NA,NA,NA,NA,NA,NA,NA,NA
"134",25,1,5,6,2,134,4,4,4,4,4,4,4,4,4,4,1,3,0,1,3,4,1,0,0,0,2,3,4,2,3
"135",44,2,1,6,1,135,4,4,4,4,4,4,4,4,4,4,4,4,0,2,1,0,1,0,2,3,1,4,4,3,1
"136",44,1,2,6,3,136,NA,NA,NA,NA,NA,NA,NA,NA,NA,NA,NA,NA,NA,NA,NA,NA,NA,NA,NA,NA,NA,NA,NA,NA,NA
"137",37,1,2,5,1,137,NA,NA,NA,NA,NA,NA,NA,NA,NA,NA,NA,NA,NA,NA,NA,NA,NA,NA,NA,NA,NA,NA,NA,NA,NA
"138",37,1,2,6,3,138,NA,NA,NA,NA,NA,NA,NA,NA,NA,NA,NA,NA,NA,NA,NA,NA,NA,NA,NA,NA,NA,NA,NA,NA,NA
"139",39,1,4,6,1,139,NA,NA,NA,NA,NA,NA,NA,NA,NA,NA,NA,NA,NA,NA,NA,NA,NA,NA,NA,NA,NA,NA,NA,NA,NA
"140",48,1,2,6,1,140,1,2,0,1,0,1,2,0,2,0,3,3,0,0,2,2,1,1,0,0,3,4,4,4,3
"141",52,2,2,4,1,141,2,3,2,3,2,3,4,3,3,3,3,4,2,4,0,0,1,1,1,2,4,2,4,2,3
"142",37,2,2,6,1,142,NA,NA,NA,NA,NA,NA,NA,NA,NA,NA,NA,NA,NA,NA,NA,NA,NA,NA,NA,NA,NA,NA,NA,NA,NA
"143",34,2,2,6,1,143,4,2,3,4,0,4,3,4,4,0,0,4,0,4,4,4,0,0,0,0,4,4,4,4,4
"144",26,2,2,6,1,144,NA,NA,NA,NA,NA,NA,NA,NA,NA,NA,NA,NA,NA,NA,NA,NA,NA,NA,NA,NA,NA,NA,NA,NA,NA
"145",33,1,2,6,1,145,NA,NA,NA,NA,NA,NA,NA,NA,NA,NA,NA,NA,NA,NA,NA,NA,NA,NA,NA,NA,NA,NA,NA,NA,NA
"146",47,2,2,6,3,146,NA,NA,NA,NA,NA,NA,NA,NA,NA,NA,NA,NA,NA,NA,NA,NA,NA,NA,NA,NA,NA,NA,NA,NA,NA
"147",37,1,2,4,2,147,NA,NA,NA,NA,NA,NA,NA,NA,NA,NA,NA,NA,NA,NA,NA,NA,NA,NA,NA,NA,NA,NA,NA,NA,NA
"148",49,1,2,5,1,148,2,2,1,4,1,2,3,1,4,0,1,2,0,1,2,4,1,1,1,1,1,0,4,4,3
"149",23,1,2,6,2,149,NA,NA,NA,NA,NA,NA,NA,NA,NA,NA,NA,NA,NA,NA,NA,NA,NA,NA,NA,NA,NA,NA,NA,NA,NA
"150",57,2,2,4,1,150,3,4,3,3,2,4,4,4,4,0,2,3,0,0,2,2,0,0,0,0,2,3,3,3,2
"151",74,1,2,6,1,151,4,4,4,4,3,4,4,4,4,3,3,3,1,0,3,0,0,0,0,0,2,3,4,4,3
"152",30,2,1,6,2,152,NA,NA,NA,NA,NA,NA,NA,NA,NA,NA,NA,NA,NA,NA,NA,NA,NA,NA,NA,NA,NA,NA,NA,NA,NA
"153",32,2,2,7,2,153,4,4,4,3,2,4,4,2,3,1,3,4,1,0,4,0,1,3,1,0,1,3,1,3,4
"154",50,2,2,5,2,154,NA,NA,NA,NA,NA,NA,NA,NA,NA,NA,NA,NA,NA,NA,NA,NA,NA,NA,NA,NA,NA,NA,NA,NA,NA
"155",42,1,2,3,2,155,NA,NA,NA,NA,NA,NA,NA,NA,NA,NA,NA,NA,NA,NA,NA,NA,NA,NA,NA,NA,NA,NA,NA,NA,NA
"156",42,1,2,5,2,156,3,3,3,3,2,3,3,3,3,2,4,3,3,2,4,3,3,3,3,3,1,3,2,1,3
"157",55,2,2,4,1,157,NA,NA,NA,NA,NA,NA,NA,NA,NA,NA,NA,NA,NA,NA,NA,NA,NA,NA,NA,NA,NA,NA,NA,NA,NA
"158",29,2,2,6,2,158,4,3,3,4,4,4,3,3,4,4,4,2,1,3,3,0,0,3,4,3,1,2,2,1,0
"159",40,1,2,7,2,159,NA,NA,NA,NA,NA,NA,NA,NA,NA,NA,NA,NA,NA,NA,NA,NA,NA,NA,NA,NA,NA,NA,NA,NA,NA
"160",30,1,2,7,2,160,NA,NA,NA,NA,NA,NA,NA,NA,NA,NA,NA,NA,NA,NA,NA,NA,NA,NA,NA,NA,NA,NA,NA,NA,NA
"161",45,1,2,6,1,161,4,4,4,4,2,4,4,4,4,4,4,3,0,3,2,3,0,2,0,0,2,2,4,4,4
"162",41,1,2,4,2,162,4,4,2,3,2,4,4,3,3,3,3,4,1,1,4,2,2,2,0,0,2,3,3,3,3
"163",65,2,2,5,1,163,4,4,4,4,4,4,4,4,4,4,4,4,0,0,3,2,0,0,0,1,4,4,4,4,4
"164",25,2,2,6,1,164,3,2,0,3,0,4,4,2,4,1,1,3,1,2,2,3,1,3,1,3,2,2,3,3,3
"165",34,1,2,5,1,165,NA,NA,NA,NA,NA,NA,NA,NA,NA,NA,NA,NA,NA,NA,NA,NA,NA,NA,NA,NA,NA,NA,NA,NA,NA
"166",34,2,2,6,2,166,4,4,1,3,0,4,4,1,2,0,4,4,1,3,3,0,1,3,3,0,2,2,3,3,1
"167",39,1,4,6,1,167,4,4,4,4,4,4,4,4,4,4,0,4,1,0,4,4,0,0,0,0,3,2,4,4,4
"168",47,1,8,4,2,168,3,3,3,3,2,4,4,4,4,3,4,4,1,1,4,1,0,0,0,0,3,1,4,3,3
"169",48,2,2,5,1,169,NA,NA,NA,NA,NA,NA,NA,NA,NA,NA,NA,NA,NA,NA,NA,NA,NA,NA,NA,NA,NA,NA,NA,NA,NA
"170",39,2,2,6,2,170,NA,NA,NA,NA,NA,NA,NA,NA,NA,NA,NA,NA,NA,NA,NA,NA,NA,NA,NA,NA,NA,NA,NA,NA,NA
"171",65,1,2,5,1,171,4,4,1,4,0,4,4,1,4,1,3,4,2,2,2,0,0,1,0,3,2,3,4,3,3
"172",32,2,2,7,2,172,NA,NA,NA,NA,NA,NA,NA,NA,NA,NA,NA,NA,NA,NA,NA,NA,NA,NA,NA,NA,NA,NA,NA,NA,NA
"173",52,1,5,6,1,173,4,4,3,4,3,4,4,3,4,3,3,4,0,0,2,2,0,0,2,0,2,2,4,4,4
"174",38,1,2,7,1,174,2,1,0,1,0,1,1,0,1,0,4,3,1,1,0,2,2,3,0,4,1,3,3,3,3
"175",28,1,1,6,3,175,NA,NA,NA,NA,NA,NA,NA,NA,NA,NA,NA,NA,NA,NA,NA,NA,NA,NA,NA,NA,NA,NA,NA,NA,NA
"176",52,2,2,5,1,176,4,4,4,4,3,4,4,4,3,3,4,4,1,4,3,1,3,4,4,2,1,3,4,0,3
"177",41,2,2,5,1,177,4,4,4,4,3,4,4,4,4,4,3,4,1,3,2,2,3,3,1,2,3,0,3,1,1
"178",54,2,2,7,2,178,4,4,4,4,3,4,4,4,4,2,0,4,0,1,4,4,0,0,0,0,3,3,4,4,4
"179",38,1,2,6,2,179,4,4,3,4,0,4,4,3,4,0,4,4,1,4,4,0,1,0,3,0,0,3,4,2,4
"180",31,2,2,5,1,180,0,0,0,1,0,2,0,0,1,0,4,2,1,0,3,3,1,0,2,4,3,1,3,3,3
"181",22,2,2,6,3,181,NA,NA,NA,NA,NA,NA,NA,NA,NA,NA,NA,NA,NA,NA,NA,NA,NA,NA,NA,NA,NA,NA,NA,NA,NA
"182",45,1,2,6,1,182,NA,NA,NA,NA,NA,NA,NA,NA,NA,NA,NA,NA,NA,NA,NA,NA,NA,NA,NA,NA,NA,NA,NA,NA,NA
"183",50,2,2,5,2,183,4,4,4,4,3,4,4,4,4,3,0,4,1,4,4,1,0,1,4,0,2,3,4,1,4
"184",36,2,2,5,1,184,4,4,3,3,3,4,4,4,4,3,4,3,2,4,3,0,0,0,4,1,1,2,3,2,2
"185",37,1,2,7,2,185,3,4,1,3,3,4,4,1,3,4,1,3,3,3,4,2,3,3,0,0,3,2,3,3,4
"186",41,1,2,5,2,186,3,3,3,3,4,3,3,3,3,4,1,2,0,2,1,3,3,1,3,1,3,2,3,3,3
"187",32,1,2,7,1,187,3,4,1,3,0,4,4,1,3,0,3,2,0,0,2,3,0,1,0,1,3,4,4,4,2
"188",44,2,4,6,1,188,NA,NA,NA,NA,NA,NA,NA,NA,NA,NA,NA,NA,NA,NA,NA,NA,NA,NA,NA,NA,NA,NA,NA,NA,NA
"189",49,2,1,7,2,189,NA,NA,NA,NA,NA,NA,NA,NA,NA,NA,NA,NA,NA,NA,NA,NA,NA,NA,NA,NA,NA,NA,NA,NA,NA
"190",49,1,4,6,1,190,NA,NA,NA,NA,NA,NA,NA,NA,NA,NA,NA,NA,NA,NA,NA,NA,NA,NA,NA,NA,NA,NA,NA,NA,NA
"191",46,2,2,6,1,191,4,4,2,4,1,4,4,1,4,1,1,3,3,3,4,1,3,1,3,1,1,2,1,1,3
"192",51,1,2,7,3,192,NA,NA,NA,NA,NA,NA,NA,NA,NA,NA,NA,NA,NA,NA,NA,NA,NA,NA,NA,NA,NA,NA,NA,NA,NA
"193",35,2,1,5,2,193,4,4,4,4,4,4,4,4,4,4,3,2,4,3,3,1,2,4,3,4,3,2,3,4,3
"194",35,1,2,7,1,194,3,3,3,3,3,4,4,4,4,3,3,2,0,0,0,2,1,1,2,2,2,2,3,3,2
"195",46,2,2,5,1,195,NA,NA,NA,NA,NA,NA,NA,NA,NA,NA,NA,NA,NA,NA,NA,NA,NA,NA,NA,NA,NA,NA,NA,NA,NA
"196",44,1,2,4,1,196,NA,NA,NA,NA,NA,NA,NA,NA,NA,NA,NA,NA,NA,NA,NA,NA,NA,NA,NA,NA,NA,NA,NA,NA,NA
"197",38,2,2,5,1,197,NA,NA,NA,NA,NA,NA,NA,NA,NA,NA,NA,NA,NA,NA,NA,NA,NA,NA,NA,NA,NA,NA,NA,NA,NA
"198",49,1,5,7,1,198,4,4,3,4,2,3,4,3,4,2,4,4,2,0,3,1,0,0,0,0,2,4,4,4,3
"199",23,2,2,6,2,199,3,4,3,4,4,3,4,3,4,4,1,2,1,3,4,4,4,1,2,1,2,1,4,2,3
"200",25,1,2,6,2,200,3,4,4,4,4,3,3,3,3,3,2,4,3,3,4,3,1,3,2,1,2,4,4,3,4
"201",61,2,2,7,2,201,3,4,3,3,2,3,4,2,3,3,1,4,1,3,4,4,0,1,4,0,2,4,4,2,4
"202",63,2,2,6,1,202,4,4,4,4,4,4,4,4,4,4,3,3,3,1,3,3,2,3,0,0,3,3,3,3,2
"203",49,2,2,6,2,203,3,4,2,2,2,3,4,2,2,1,3,3,0,1,4,1,0,1,0,3,2,3,4,3,1
"204",30,1,5,7,2,204,4,4,4,4,4,4,4,4,4,4,2,3,1,1,2,2,0,1,1,1,3,3,3,3,3
"205",47,2,2,6,4,205,NA,NA,NA,NA,NA,NA,NA,NA,NA,NA,NA,NA,NA,NA,NA,NA,NA,NA,NA,NA,NA,NA,NA,NA,NA
"206",51,2,2,7,2,206,NA,NA,NA,NA,NA,NA,NA,NA,NA,NA,NA,NA,NA,NA,NA,NA,NA,NA,NA,NA,NA,NA,NA,NA,NA
"207",34,2,2,4,2,207,3,4,3,3,3,4,4,4,4,1,2,3,4,4,3,0,2,4,3,3,0,2,1,3,1
"208",29,2,2,7,2,208,4,4,3,4,1,4,4,4,4,0,3,3,1,4,2,2,1,1,0,1,2,2,3,1,2
"209",38,1,2,5,2,209,NA,NA,NA,NA,NA,NA,NA,NA,NA,NA,NA,NA,NA,NA,NA,NA,NA,NA,NA,NA,NA,NA,NA,NA,NA
"210",23,2,2,4,2,210,NA,NA,NA,NA,NA,NA,NA,NA,NA,NA,NA,NA,NA,NA,NA,NA,NA,NA,NA,NA,NA,NA,NA,NA,NA
"211",37,1,2,7,2,211,4,4,4,4,2,4,4,4,4,3,3,4,4,1,4,2,1,3,1,0,2,4,4,4,4
"212",37,2,2,6,1,212,3,4,3,3,4,3,4,3,3,4,1,4,0,4,3,3,0,1,4,0,0,3,4,4,3
"213",50,2,2,6,1,213,3,0,2,4,4,3,0,1,4,4,0,3,0,0,1,4,1,0,0,1,3,3,4,4,3
"214",23,1,2,6,2,214,NA,NA,NA,NA,NA,NA,NA,NA,NA,NA,NA,NA,NA,NA,NA,NA,NA,NA,NA,NA,NA,NA,NA,NA,NA
"215",29,2,2,5,2,215,NA,NA,NA,NA,NA,NA,NA,NA,NA,NA,NA,NA,NA,NA,NA,NA,NA,NA,NA,NA,NA,NA,NA,NA,NA
"216",35,1,2,6,2,216,4,4,2,3,3,4,4,2,3,3,1,4,1,1,4,1,3,1,1,0,3,3,3,3,3
"217",72,2,2,6,1,217,3,2,0,2,0,3,3,0,2,0,3,4,1,0,3,1,1,3,0,1,1,4,3,4,3
"218",43,1,4,6,2,218,4,3,2,3,2,4,4,3,4,2,4,3,1,3,4,2,3,3,3,0,2,2,2,3,3
"219",57,1,2,6,2,219,4,4,1,4,0,4,4,1,4,1,3,1,4,4,1,0,3,4,4,0,1,0,4,3,1
"220",24,1,2,4,3,220,NA,NA,NA,NA,NA,NA,NA,NA,NA,NA,NA,NA,NA,NA,NA,NA,NA,NA,NA,NA,NA,NA,NA,NA,NA
"221",31,2,2,5,1,221,0,2,0,3,0,0,2,0,2,0,2,4,3,1,4,1,3,1,0,2,2,2,3,3,4
"222",45,2,2,6,2,222,4,4,0,4,3,4,4,1,4,3,2,0,3,0,3,4,4,1,0,1,1,0,4,4,2
"223",45,2,2,5,3,223,NA,NA,NA,NA,NA,NA,NA,NA,NA,NA,NA,NA,NA,NA,NA,NA,NA,NA,NA,NA,NA,NA,NA,NA,NA
"224",22,1,4,5,2,224,4,4,4,4,4,4,4,4,4,4,4,3,0,4,4,3,4,4,4,0,0,2,1,0,3
"225",74,2,2,7,2,225,4,4,4,4,0,4,4,4,4,0,1,4,1,0,4,4,0,0,0,0,3,4,4,3,4
"226",51,2,2,5,1,226,NA,NA,NA,NA,NA,NA,NA,NA,NA,NA,NA,NA,NA,NA,NA,NA,NA,NA,NA,NA,NA,NA,NA,NA,NA
"227",42,1,2,6,2,227,NA,NA,NA,NA,NA,NA,NA,NA,NA,NA,NA,NA,NA,NA,NA,NA,NA,NA,NA,NA,NA,NA,NA,NA,NA
"228",37,2,2,6,3,228,NA,NA,NA,NA,NA,NA,NA,NA,NA,NA,NA,NA,NA,NA,NA,NA,NA,NA,NA,NA,NA,NA,NA,NA,NA
"229",44,2,2,6,1,229,NA,NA,NA,NA,NA,NA,NA,NA,NA,NA,NA,NA,NA,NA,NA,NA,NA,NA,NA,NA,NA,NA,NA,NA,NA
"230",49,2,2,6,1,230,4,2,2,2,1,3,2,4,4,3,3,4,0,2,1,3,1,1,2,2,1,2,4,1,2
"231",37,1,2,5,3,231,NA,NA,NA,NA,NA,NA,NA,NA,NA,NA,NA,NA,NA,NA,NA,NA,NA,NA,NA,NA,NA,NA,NA,NA,NA
"232",49,1,2,5,1,232,4,4,2,3,0,4,4,2,3,1,3,3,0,3,0,2,2,2,1,4,3,0,3,3,3
"233",36,2,2,6,2,233,4,4,4,4,3,4,4,4,4,3,3,3,0,2,3,2,2,1,0,2,2,2,4,2,3
"234",45,1,2,7,3,234,NA,NA,NA,NA,NA,NA,NA,NA,NA,NA,NA,NA,NA,NA,NA,NA,NA,NA,NA,NA,NA,NA,NA,NA,NA
"235",46,2,2,5,4,235,NA,NA,NA,NA,NA,NA,NA,NA,NA,NA,NA,NA,NA,NA,NA,NA,NA,NA,NA,NA,NA,NA,NA,NA,NA
"236",38,2,2,6,1,236,2,3,1,3,3,2,3,2,3,1,3,4,3,3,1,0,0,0,3,2,1,4,4,3,3
"237",36,2,1,6,2,237,4,4,2,4,4,4,4,2,4,4,3,4,1,4,3,1,3,4,4,4,0,0,2,0,0
"238",35,2,1,5,2,238,3,4,3,4,3,4,4,4,3,3,3,3,1,2,4,2,1,1,1,0,2,2,4,2,3
"239",27,1,2,5,2,239,4,4,4,4,4,4,4,4,4,4,2,2,0,0,3,2,0,0,0,0,2,0,4,4,4
"240",32,1,2,6,1,240,3,3,3,3,3,3,2,3,3,2,3,2,1,2,3,3,2,3,3,3,3,3,4,3,2
"241",40,2,2,5,3,241,NA,NA,NA,NA,NA,NA,NA,NA,NA,NA,NA,NA,NA,NA,NA,NA,NA,NA,NA,NA,NA,NA,NA,NA,NA
"242",27,1,2,6,2,242,NA,NA,NA,NA,NA,NA,NA,NA,NA,NA,NA,NA,NA,NA,NA,NA,NA,NA,NA,NA,NA,NA,NA,NA,NA
"243",51,2,2,6,2,243,NA,NA,NA,NA,NA,NA,NA,NA,NA,NA,NA,NA,NA,NA,NA,NA,NA,NA,NA,NA,NA,NA,NA,NA,NA
"244",30,1,2,4,1,244,4,4,4,4,4,4,4,4,4,4,0,1,0,0,4,3,3,0,0,3,4,0,4,3,0
"245",64,1,2,5,2,245,NA,NA,NA,NA,NA,NA,NA,NA,NA,NA,NA,NA,NA,NA,NA,NA,NA,NA,NA,NA,NA,NA,NA,NA,NA
"246",34,1,2,6,2,246,NA,NA,NA,NA,NA,NA,NA,NA,NA,NA,NA,NA,NA,NA,NA,NA,NA,NA,NA,NA,NA,NA,NA,NA,NA
"247",42,2,2,6,1,247,NA,NA,NA,NA,NA,NA,NA,NA,NA,NA,NA,NA,NA,NA,NA,NA,NA,NA,NA,NA,NA,NA,NA,NA,NA
"248",45,1,2,6,2,248,NA,NA,NA,NA,NA,NA,NA,NA,NA,NA,NA,NA,NA,NA,NA,NA,NA,NA,NA,NA,NA,NA,NA,NA,NA
"249",33,6,2,7,2,249,NA,NA,NA,NA,NA,NA,NA,NA,NA,NA,NA,NA,NA,NA,NA,NA,NA,NA,NA,NA,NA,NA,NA,NA,NA
"250",57,2,2,6,1,250,4,4,4,4,4,4,4,4,4,4,2,4,0,0,4,2,0,0,0,0,4,4,4,4,4
"251",34,1,2,6,1,251,3,2,1,3,2,4,3,2,3,2,1,1,3,1,1,0,3,3,1,1,2,3,2,4,3
"252",37,2,2,7,2,252,4,3,1,3,2,4,4,2,3,3,0,2,3,4,3,3,3,2,3,1,2,4,3,0,2
"253",62,1,2,7,3,253,NA,NA,NA,NA,NA,NA,NA,NA,NA,NA,NA,NA,NA,NA,NA,NA,NA,NA,NA,NA,NA,NA,NA,NA,NA
"254",40,2,2,7,1,254,4,4,4,4,4,4,4,4,4,4,3,3,0,1,2,2,0,0,0,2,3,2,4,4,2
"255",41,1,2,6,1,255,3,3,1,2,2,2,2,1,2,2,2,4,2,2,3,0,0,2,1,3,1,2,2,3,1
"256",41,2,5,7,2,256,3,3,2,2,2,3,3,2,2,2,4,3,2,4,1,0,3,3,4,4,0,2,3,3,1
"257",29,2,2,6,1,257,NA,NA,NA,NA,NA,NA,NA,NA,NA,NA,NA,NA,NA,NA,NA,NA,NA,NA,NA,NA,NA,NA,NA,NA,NA
"258",73,1,2,5,1,258,4,2,2,4,0,4,3,2,4,0,1,3,0,1,3,0,0,0,0,1,2,3,4,3,3
"259",42,2,2,6,2,259,2,3,0,3,1,1,4,0,3,1,0,4,3,4,2,0,0,4,3,3,1,4,2,1,1
"260",45,1,2,6,2,260,3,3,2,4,1,4,4,3,4,1,0,4,0,0,3,2,0,0,0,0,4,4,4,4,3
"261",41,2,1,5,2,261,NA,NA,NA,NA,NA,NA,NA,NA,NA,NA,NA,NA,NA,NA,NA,NA,NA,NA,NA,NA,NA,NA,NA,NA,NA
"262",37,1,6,6,2,262,NA,NA,NA,NA,NA,NA,NA,NA,NA,NA,NA,NA,NA,NA,NA,NA,NA,NA,NA,NA,NA,NA,NA,NA,NA
"263",52,2,2,6,1,263,4,4,3,4,3,4,4,3,4,3,3,3,0,1,2,1,0,0,0,2,2,4,4,4,2
"264",39,2,6,6,2,264,NA,NA,NA,NA,NA,NA,NA,NA,NA,NA,NA,NA,NA,NA,NA,NA,NA,NA,NA,NA,NA,NA,NA,NA,NA
"265",25,1,2,6,2,265,2,3,2,3,2,2,4,2,3,2,2,3,1,0,2,3,1,1,0,1,2,2,4,4,3
"266",41,1,2,6,4,266,NA,NA,NA,NA,NA,NA,NA,NA,NA,NA,NA,NA,NA,NA,NA,NA,NA,NA,NA,NA,NA,NA,NA,NA,NA
"267",45,2,2,6,1,267,NA,NA,NA,NA,NA,NA,NA,NA,NA,NA,NA,NA,NA,NA,NA,NA,NA,NA,NA,NA,NA,NA,NA,NA,NA
"268",49,1,4,6,1,268,3,3,2,3,3,3,2,2,3,3,4,1,1,0,3,0,0,2,0,1,1,1,2,3,1
"269",41,2,2,6,2,269,NA,NA,NA,NA,NA,NA,NA,NA,NA,NA,NA,NA,NA,NA,NA,NA,NA,NA,NA,NA,NA,NA,NA,NA,NA
"270",23,2,2,6,2,270,NA,NA,NA,NA,NA,NA,NA,NA,NA,NA,NA,NA,NA,NA,NA,NA,NA,NA,NA,NA,NA,NA,NA,NA,NA
"271",49,1,2,7,1,271,NA,NA,NA,NA,NA,NA,NA,NA,NA,NA,NA,NA,NA,NA,NA,NA,NA,NA,NA,NA,NA,NA,NA,NA,NA
"272",23,2,2,4,1,272,2,3,1,1,1,2,4,3,1,1,3,3,1,1,3,1,1,1,0,1,2,1,2,2,3
"273",53,1,6,6,2,273,3,2,2,3,0,4,4,4,4,0,3,1,1,0,4,3,1,1,0,0,4,2,3,4,2
"274",41,1,2,7,2,274,2,4,2,4,1,2,4,2,4,1,2,3,0,0,3,2,3,0,0,1,2,1,4,3,3
"275",28,2,2,7,2,275,4,4,2,4,4,4,4,2,4,3,3,4,0,4,4,3,1,1,2,0,2,1,4,3,3
"276",36,2,7,6,2,276,4,4,4,4,3,4,4,4,4,3,3,4,0,3,1,2,0,0,1,0,4,3,4,3,3
"277",28,2,2,6,1,277,NA,NA,NA,NA,NA,NA,NA,NA,NA,NA,NA,NA,NA,NA,NA,NA,NA,NA,NA,NA,NA,NA,NA,NA,NA
"278",44,2,1,5,2,278,NA,NA,NA,NA,NA,NA,NA,NA,NA,NA,NA,NA,NA,NA,NA,NA,NA,NA,NA,NA,NA,NA,NA,NA,NA
"279",34,1,2,6,1,279,4,4,4,4,4,4,4,4,4,4,4,0,0,0,0,0,3,0,0,2,0,0,4,4,3
"280",23,2,2,6,2,280,3,4,4,4,4,4,4,4,4,4,3,4,0,3,4,3,1,0,1,4,3,3,4,4,3
"281",42,1,2,6,2,281,NA,NA,NA,NA,NA,NA,NA,NA,NA,NA,NA,NA,NA,NA,NA,NA,NA,NA,NA,NA,NA,NA,NA,NA,NA
"282",46,1,2,4,1,282,NA,NA,NA,NA,NA,NA,NA,NA,NA,NA,NA,NA,NA,NA,NA,NA,NA,NA,NA,NA,NA,NA,NA,NA,NA
"283",55,2,2,7,2,283,4,4,2,3,3,4,4,3,3,3,3,4,2,4,1,1,2,3,1,0,1,2,3,4,3
"284",46,2,2,4,3,284,NA,NA,NA,NA,NA,NA,NA,NA,NA,NA,NA,NA,NA,NA,NA,NA,NA,NA,NA,NA,NA,NA,NA,NA,NA
"285",32,1,2,6,2,285,NA,NA,NA,NA,NA,NA,NA,NA,NA,NA,NA,NA,NA,NA,NA,NA,NA,NA,NA,NA,NA,NA,NA,NA,NA
"286",34,2,7,6,2,286,NA,NA,NA,NA,NA,NA,NA,NA,NA,NA,NA,NA,NA,NA,NA,NA,NA,NA,NA,NA,NA,NA,NA,NA,NA
"287",61,1,2,5,1,287,NA,NA,NA,NA,NA,NA,NA,NA,NA,NA,NA,NA,NA,NA,NA,NA,NA,NA,NA,NA,NA,NA,NA,NA,NA
"288",33,2,2,7,1,288,4,4,2,3,0,4,4,2,4,0,1,3,0,0,3,2,1,3,0,0,2,3,3,4,3
"289",37,1,2,5,1,289,4,4,3,4,4,4,4,3,4,4,4,0,0,1,4,2,1,0,3,0,1,0,4,3,4
"290",47,1,6,6,1,290,4,4,3,4,3,4,4,3,4,3,4,4,0,0,3,1,0,0,0,0,4,4,4,4,4
"291",47,2,2,6,1,291,NA,NA,NA,NA,NA,NA,NA,NA,NA,NA,NA,NA,NA,NA,NA,NA,NA,NA,NA,NA,NA,NA,NA,NA,NA
"292",36,1,2,6,2,292,3,3,2,4,3,4,4,3,4,3,4,3,1,1,3,1,1,1,1,1,3,3,4,4,3
"293",28,2,2,6,3,293,NA,NA,NA,NA,NA,NA,NA,NA,NA,NA,NA,NA,NA,NA,NA,NA,NA,NA,NA,NA,NA,NA,NA,NA,NA
"294",35,1,2,7,1,294,4,4,4,4,2,4,4,4,4,2,0,4,0,0,4,4,1,0,0,0,4,3,4,4,4
"295",43,2,2,6,3,295,NA,NA,NA,NA,NA,NA,NA,NA,NA,NA,NA,NA,NA,NA,NA,NA,NA,NA,NA,NA,NA,NA,NA,NA,NA
"296",25,1,2,6,2,296,NA,NA,NA,NA,NA,NA,NA,NA,NA,NA,NA,NA,NA,NA,NA,NA,NA,NA,NA,NA,NA,NA,NA,NA,NA
"297",50,1,2,6,1,297,4,4,3,4,3,3,4,3,4,3,3,3,1,3,3,2,2,2,1,2,2,2,2,3,3
"298",37,1,4,6,2,298,NA,NA,NA,NA,NA,NA,NA,NA,NA,NA,NA,NA,NA,NA,NA,NA,NA,NA,NA,NA,NA,NA,NA,NA,NA
"299",38,1,2,6,2,299,4,4,2,4,3,4,4,4,4,4,1,4,1,2,4,0,0,2,0,0,3,3,3,4,4
"300",35,1,2,5,3,300,NA,NA,NA,NA,NA,NA,NA,NA,NA,NA,NA,NA,NA,NA,NA,NA,NA,NA,NA,NA,NA,NA,NA,NA,NA
"301",38,2,2,7,2,301,NA,NA,NA,NA,NA,NA,NA,NA,NA,NA,NA,NA,NA,NA,NA,NA,NA,NA,NA,NA,NA,NA,NA,NA,NA
"302",70,2,2,6,2,302,NA,NA,NA,NA,NA,NA,NA,NA,NA,NA,NA,NA,NA,NA,NA,NA,NA,NA,NA,NA,NA,NA,NA,NA,NA
"303",36,2,6,7,2,303,NA,NA,NA,NA,NA,NA,NA,NA,NA,NA,NA,NA,NA,NA,NA,NA,NA,NA,NA,NA,NA,NA,NA,NA,NA
"304",58,2,2,5,2,304,3,3,3,3,0,4,4,3,4,2,0,3,3,4,2,2,4,2,1,1,3,2,4,2,1
"305",32,1,2,7,1,305,NA,NA,NA,NA,NA,NA,NA,NA,NA,NA,NA,NA,NA,NA,NA,NA,NA,NA,NA,NA,NA,NA,NA,NA,NA
"306",46,1,2,6,2,306,4,4,4,4,2,4,4,4,4,2,2,1,1,1,2,2,2,1,1,1,1,2,2,1,2
"307",48,2,2,7,1,307,4,4,4,4,2,4,4,4,4,4,1,3,1,1,4,4,2,0,0,0,3,3,3,3,3
"308",28,2,2,7,2,308,4,4,4,4,4,4,4,4,4,4,3,3,0,4,4,3,3,0,0,3,3,3,4,3,3
"309",48,2,2,7,2,309,2,3,1,3,2,2,2,1,2,1,3,3,1,1,3,0,0,0,1,1,3,1,4,2,3
"310",22,2,5,6,2,310,NA,NA,NA,NA,NA,NA,NA,NA,NA,NA,NA,NA,NA,NA,NA,NA,NA,NA,NA,NA,NA,NA,NA,NA,NA
"311",53,2,2,5,1,311,4,4,4,4,4,4,4,4,4,4,0,4,2,3,2,0,0,2,2,2,0,2,4,2,2
"312",40,1,1,5,2,312,NA,NA,NA,NA,NA,NA,NA,NA,NA,NA,NA,NA,NA,NA,NA,NA,NA,NA,NA,NA,NA,NA,NA,NA,NA
"313",58,1,2,6,3,313,NA,NA,NA,NA,NA,NA,NA,NA,NA,NA,NA,NA,NA,NA,NA,NA,NA,NA,NA,NA,NA,NA,NA,NA,NA
"314",30,2,7,6,1,314,2,3,3,3,1,3,4,2,3,4,3,2,4,3,2,2,3,3,1,2,1,3,3,2,2
"315",43,1,4,5,3,315,NA,NA,NA,NA,NA,NA,NA,NA,NA,NA,NA,NA,NA,NA,NA,NA,NA,NA,NA,NA,NA,NA,NA,NA,NA
"316",43,1,2,7,2,316,NA,NA,NA,NA,NA,NA,NA,NA,NA,NA,NA,NA,NA,NA,NA,NA,NA,NA,NA,NA,NA,NA,NA,NA,NA
"317",30,2,2,5,2,317,NA,NA,NA,NA,NA,NA,NA,NA,NA,NA,NA,NA,NA,NA,NA,NA,NA,NA,NA,NA,NA,NA,NA,NA,NA
"318",43,1,2,7,1,318,4,4,3,4,2,4,4,3,4,4,4,4,0,1,3,1,0,1,3,2,3,1,4,3,2
"319",45,1,1,6,1,319,4,4,4,4,2,4,4,4,4,2,3,4,0,0,2,0,0,0,0,0,3,4,4,3,3
"320",54,2,2,5,1,320,4,4,2,4,2,4,4,2,4,2,3,3,0,1,1,1,1,1,1,4,1,3,4,3,1
"321",27,2,2,5,2,321,NA,NA,NA,NA,NA,NA,NA,NA,NA,NA,NA,NA,NA,NA,NA,NA,NA,NA,NA,NA,NA,NA,NA,NA,NA
"322",32,1,2,6,1,322,4,4,4,4,4,4,4,4,4,4,1,3,0,1,3,3,0,0,0,0,4,4,3,4,1
"323",32,2,2,6,1,323,3,4,3,2,0,3,3,3,1,0,1,4,2,3,3,1,1,3,4,3,2,3,4,0,2
"324",56,2,2,6,2,324,4,4,4,4,3,4,4,4,4,0,3,4,0,4,4,1,0,0,4,0,0,1,4,2,4
"325",45,1,2,6,2,325,4,4,4,4,4,4,4,4,4,4,2,3,2,0,3,2,3,1,0,0,2,2,2,3,3
"326",56,2,2,5,1,326,3,3,3,3,1,4,4,4,4,1,4,3,1,4,3,0,0,3,2,2,2,3,4,3,3
"327",23,1,2,6,1,327,NA,NA,NA,NA,NA,NA,NA,NA,NA,NA,NA,NA,NA,NA,NA,NA,NA,NA,NA,NA,NA,NA,NA,NA,NA
"328",21,1,2,5,1,328,NA,NA,NA,NA,NA,NA,NA,NA,NA,NA,NA,NA,NA,NA,NA,NA,NA,NA,NA,NA,NA,NA,NA,NA,NA
"329",27,2,4,4,2,329,NA,NA,NA,NA,NA,NA,NA,NA,NA,NA,NA,NA,NA,NA,NA,NA,NA,NA,NA,NA,NA,NA,NA,NA,NA
"330",36,2,2,7,2,330,4,4,4,4,2,4,4,4,4,2,0,2,0,2,4,4,3,2,1,0,2,1,4,3,4
"331",29,1,2,6,3,331,NA,NA,NA,NA,NA,NA,NA,NA,NA,NA,NA,NA,NA,NA,NA,NA,NA,NA,NA,NA,NA,NA,NA,NA,NA
"332",23,2,3,6,2,332,4,4,4,3,2,4,4,4,3,0,2,4,3,4,4,1,0,2,4,0,3,3,4,2,4
"333",62,1,2,5,1,333,3,1,3,3,0,4,2,4,4,0,3,3,2,1,0,2,0,1,0,4,2,2,3,3,2
"334",57,2,2,5,1,334,NA,NA,NA,NA,NA,NA,NA,NA,NA,NA,NA,NA,NA,NA,NA,NA,NA,NA,NA,NA,NA,NA,NA,NA,NA
"335",34,2,1,6,3,335,NA,NA,NA,NA,NA,NA,NA,NA,NA,NA,NA,NA,NA,NA,NA,NA,NA,NA,NA,NA,NA,NA,NA,NA,NA
"336",27,2,2,7,1,336,NA,NA,NA,NA,NA,NA,NA,NA,NA,NA,NA,NA,NA,NA,NA,NA,NA,NA,NA,NA,NA,NA,NA,NA,NA
"337",47,2,2,6,1,337,3,2,3,3,2,4,3,3,3,2,1,3,0,3,2,2,1,0,0,1,3,3,3,3,2
"338",45,1,2,5,1,338,NA,NA,NA,NA,NA,NA,NA,NA,NA,NA,NA,NA,NA,NA,NA,NA,NA,NA,NA,NA,NA,NA,NA,NA,NA
"339",35,1,6,6,2,339,NA,NA,NA,NA,NA,NA,NA,NA,NA,NA,NA,NA,NA,NA,NA,NA,NA,NA,NA,NA,NA,NA,NA,NA,NA
"340",30,1,2,5,2,340,NA,NA,NA,NA,NA,NA,NA,NA,NA,NA,NA,NA,NA,NA,NA,NA,NA,NA,NA,NA,NA,NA,NA,NA,NA
"341",23,2,1,6,2,341,NA,NA,NA,NA,NA,NA,NA,NA,NA,NA,NA,NA,NA,NA,NA,NA,NA,NA,NA,NA,NA,NA,NA,NA,NA
"342",64,2,2,7,2,342,NA,NA,NA,NA,NA,NA,NA,NA,NA,NA,NA,NA,NA,NA,NA,NA,NA,NA,NA,NA,NA,NA,NA,NA,NA
"343",54,2,1,6,2,343,3,4,2,4,3,4,4,3,4,3,0,4,0,0,4,3,0,0,0,0,4,2,4,4,4
"344",27,1,2,5,3,344,NA,NA,NA,NA,NA,NA,NA,NA,NA,NA,NA,NA,NA,NA,NA,NA,NA,NA,NA,NA,NA,NA,NA,NA,NA
"345",42,1,4,6,2,345,4,4,4,4,3,4,4,4,4,1,3,3,0,0,0,0,0,0,0,0,1,3,4,4,4
"346",38,1,2,7,1,346,3,3,0,3,0,3,3,0,3,0,1,3,1,1,1,3,1,1,0,0,2,3,3,2,3
"347",50,1,2,5,1,347,0,3,0,2,0,0,3,0,0,0,4,4,0,0,3,2,0,0,2,1,3,3,4,3,3
"348",35,2,2,7,2,348,4,4,3,4,3,4,4,4,4,2,4,4,0,4,4,3,1,3,3,0,1,3,3,1,3
"349",44,1,2,6,2,349,3,4,3,4,4,4,4,4,4,4,2,3,0,3,4,3,2,0,3,2,3,2,3,1,2
"350",56,2,2,6,1,350,3,0,0,2,0,4,0,0,3,0,1,4,1,3,1,1,0,1,1,4,1,4,4,3,1
"351",37,2,4,6,3,351,NA,NA,NA,NA,NA,NA,NA,NA,NA,NA,NA,NA,NA,NA,NA,NA,NA,NA,NA,NA,NA,NA,NA,NA,NA
"352",39,1,5,6,1,352,NA,NA,NA,NA,NA,NA,NA,NA,NA,NA,NA,NA,NA,NA,NA,NA,NA,NA,NA,NA,NA,NA,NA,NA,NA
"353",65,1,2,6,1,353,NA,NA,NA,NA,NA,NA,NA,NA,NA,NA,NA,NA,NA,NA,NA,NA,NA,NA,NA,NA,NA,NA,NA,NA,NA
"354",76,1,2,5,1,354,3,3,3,4,0,3,3,3,4,1,3,3,1,0,3,2,1,0,0,1,3,3,4,4,3
"355",54,2,2,5,1,355,4,4,4,4,4,4,4,4,4,4,1,4,0,3,3,2,1,0,0,0,3,4,4,3,4
"356",27,2,2,5,2,356,NA,NA,NA,NA,NA,NA,NA,NA,NA,NA,NA,NA,NA,NA,NA,NA,NA,NA,NA,NA,NA,NA,NA,NA,NA
"357",49,1,2,6,1,357,3,1,1,1,0,4,1,2,1,0,4,3,0,1,1,0,0,2,0,2,3,4,4,4,2
"358",43,2,8,6,1,358,4,4,2,3,1,4,4,2,4,2,3,3,3,3,2,1,3,3,0,1,1,3,4,3,3
"359",53,2,2,5,1,359,4,4,4,4,1,4,4,4,4,1,1,4,0,0,3,1,1,0,4,0,1,0,4,4,3
"360",42,2,2,7,2,360,NA,NA,NA,NA,NA,NA,NA,NA,NA,NA,NA,NA,NA,NA,NA,NA,NA,NA,NA,NA,NA,NA,NA,NA,NA
"361",33,1,2,5,2,361,NA,NA,NA,NA,NA,NA,NA,NA,NA,NA,NA,NA,NA,NA,NA,NA,NA,NA,NA,NA,NA,NA,NA,NA,NA
"362",30,1,4,7,1,362,NA,NA,NA,NA,NA,NA,NA,NA,NA,NA,NA,NA,NA,NA,NA,NA,NA,NA,NA,NA,NA,NA,NA,NA,NA
"363",37,2,2,4,2,363,3,4,3,3,3,3,4,3,3,3,3,3,0,4,4,1,3,3,4,0,1,0,4,0,4
"364",29,1,1,6,2,364,NA,NA,NA,NA,NA,NA,NA,NA,NA,NA,NA,NA,NA,NA,NA,NA,NA,NA,NA,NA,NA,NA,NA,NA,NA
"365",33,1,3,6,1,365,3,3,1,3,3,3,4,2,4,3,4,3,1,3,4,1,3,4,1,4,0,4,4,3,1
"366",26,2,2,5,4,366,NA,NA,NA,NA,NA,NA,NA,NA,NA,NA,NA,NA,NA,NA,NA,NA,NA,NA,NA,NA,NA,NA,NA,NA,NA
"367",28,2,2,6,1,367,2,2,2,2,2,2,2,2,2,2,2,2,2,2,2,2,2,2,2,2,2,2,2,2,2
"368",32,1,2,5,2,368,NA,NA,NA,NA,NA,NA,NA,NA,NA,NA,NA,NA,NA,NA,NA,NA,NA,NA,NA,NA,NA,NA,NA,NA,NA
"369",43,1,5,6,2,369,3,4,2,4,4,3,4,2,4,4,4,2,3,3,0,0,1,4,2,4,0,2,2,3,0
"370",44,2,4,6,2,370,4,0,4,4,4,4,0,4,4,4,4,3,4,3,0,3,3,0,4,4,1,0,3,4,4
"371",28,2,2,6,2,371,2,4,1,4,0,2,4,1,4,0,1,3,2,0,4,3,2,1,0,0,3,2,3,1,4
"372",43,2,2,6,1,372,NA,NA,NA,NA,NA,NA,NA,NA,NA,NA,NA,NA,NA,NA,NA,NA,NA,NA,NA,NA,NA,NA,NA,NA,NA
"373",46,2,2,7,1,373,4,4,3,3,2,4,4,3,4,2,3,3,3,3,3,1,1,3,0,1,1,4,3,3,4
"374",55,2,2,6,1,374,4,2,2,2,0,3,2,2,1,0,1,3,1,1,3,1,1,1,1,1,1,3,3,3,3
"375",38,1,2,6,1,375,NA,NA,NA,NA,NA,NA,NA,NA,NA,NA,NA,NA,NA,NA,NA,NA,NA,NA,NA,NA,NA,NA,NA,NA,NA
"376",65,2,2,5,2,376,4,4,4,4,1,4,4,4,4,0,1,3,0,0,3,1,0,0,0,2,2,4,4,4,3
"377",71,1,4,6,1,377,4,4,4,4,4,4,4,4,4,2,4,0,0,0,1,2,2,1,0,4,2,2,4,4,2
"378",65,1,2,7,1,378,4,4,3,4,2,4,4,3,4,1,1,4,1,3,4,3,1,1,2,0,2,2,4,2,3
"379",49,1,2,4,1,379,NA,NA,NA,NA,NA,NA,NA,NA,NA,NA,NA,NA,NA,NA,NA,NA,NA,NA,NA,NA,NA,NA,NA,NA,NA
"380",41,2,1,5,2,380,NA,NA,NA,NA,NA,NA,NA,NA,NA,NA,NA,NA,NA,NA,NA,NA,NA,NA,NA,NA,NA,NA,NA,NA,NA
"381",38,2,2,5,2,381,NA,NA,NA,NA,NA,NA,NA,NA,NA,NA,NA,NA,NA,NA,NA,NA,NA,NA,NA,NA,NA,NA,NA,NA,NA
"382",35,2,2,6,1,382,NA,NA,NA,NA,NA,NA,NA,NA,NA,NA,NA,NA,NA,NA,NA,NA,NA,NA,NA,NA,NA,NA,NA,NA,NA
"383",34,2,2,4,2,383,NA,NA,NA,NA,NA,NA,NA,NA,NA,NA,NA,NA,NA,NA,NA,NA,NA,NA,NA,NA,NA,NA,NA,NA,NA
"384",44,1,2,5,1,384,3,0,0,0,0,3,0,1,0,0,3,3,0,0,3,0,0,0,0,2,4,2,4,4,3
"385",48,1,2,6,3,385,NA,NA,NA,NA,NA,NA,NA,NA,NA,NA,NA,NA,NA,NA,NA,NA,NA,NA,NA,NA,NA,NA,NA,NA,NA
"386",29,2,2,6,1,386,NA,NA,NA,NA,NA,NA,NA,NA,NA,NA,NA,NA,NA,NA,NA,NA,NA,NA,NA,NA,NA,NA,NA,NA,NA
"387",53,1,1,7,1,387,4,4,4,3,4,4,4,4,3,4,4,4,0,0,3,3,0,0,0,0,3,4,0,3,3
"388",32,1,2,6,1,388,NA,NA,NA,NA,NA,NA,NA,NA,NA,NA,NA,NA,NA,NA,NA,NA,NA,NA,NA,NA,NA,NA,NA,NA,NA
"389",60,2,2,6,1,389,NA,NA,NA,NA,NA,NA,NA,NA,NA,NA,NA,NA,NA,NA,NA,NA,NA,NA,NA,NA,NA,NA,NA,NA,NA
"390",51,2,2,5,1,390,NA,NA,NA,NA,NA,NA,NA,NA,NA,NA,NA,NA,NA,NA,NA,NA,NA,NA,NA,NA,NA,NA,NA,NA,NA
"391",45,1,2,7,1,391,NA,NA,NA,NA,NA,NA,NA,NA,NA,NA,NA,NA,NA,NA,NA,NA,NA,NA,NA,NA,NA,NA,NA,NA,NA
"392",25,2,2,5,2,392,NA,NA,NA,NA,NA,NA,NA,NA,NA,NA,NA,NA,NA,NA,NA,NA,NA,NA,NA,NA,NA,NA,NA,NA,NA
"393",53,1,1,6,2,393,NA,NA,NA,NA,NA,NA,NA,NA,NA,NA,NA,NA,NA,NA,NA,NA,NA,NA,NA,NA,NA,NA,NA,NA,NA
"394",41,2,2,7,1,394,NA,NA,NA,NA,NA,NA,NA,NA,NA,NA,NA,NA,NA,NA,NA,NA,NA,NA,NA,NA,NA,NA,NA,NA,NA
"395",26,2,2,7,3,395,NA,NA,NA,NA,NA,NA,NA,NA,NA,NA,NA,NA,NA,NA,NA,NA,NA,NA,NA,NA,NA,NA,NA,NA,NA
"396",40,2,2,7,2,396,4,4,4,4,4,4,4,4,4,4,4,4,1,2,3,0,0,2,1,3,2,4,4,3,4
"397",77,2,2,5,2,397,3,4,1,4,1,3,4,1,3,1,4,3,1,3,3,0,0,1,2,1,2,3,4,3,1
"398",28,2,2,6,1,398,4,4,3,4,4,4,4,3,4,3,4,3,0,4,3,2,3,1,2,1,1,1,4,1,3
"399",34,1,1,6,2,399,NA,NA,NA,NA,NA,NA,NA,NA,NA,NA,NA,NA,NA,NA,NA,NA,NA,NA,NA,NA,NA,NA,NA,NA,NA
"400",70,2,1,6,2,400,NA,NA,NA,NA,NA,NA,NA,NA,NA,NA,NA,NA,NA,NA,NA,NA,NA,NA,NA,NA,NA,NA,NA,NA,NA
"401",33,2,2,6,2,401,NA,NA,NA,NA,NA,NA,NA,NA,NA,NA,NA,NA,NA,NA,NA,NA,NA,NA,NA,NA,NA,NA,NA,NA,NA
"402",47,2,2,6,2,402,NA,NA,NA,NA,NA,NA,NA,NA,NA,NA,NA,NA,NA,NA,NA,NA,NA,NA,NA,NA,NA,NA,NA,NA,NA
"403",63,2,2,6,2,403,4,2,4,4,4,4,3,4,4,4,3,3,0,2,3,2,0,0,0,0,3,1,3,3,3
"404",30,1,4,5,1,404,NA,NA,NA,NA,NA,NA,NA,NA,NA,NA,NA,NA,NA,NA,NA,NA,NA,NA,NA,NA,NA,NA,NA,NA,NA
"405",27,2,2,6,2,405,NA,NA,NA,NA,NA,NA,NA,NA,NA,NA,NA,NA,NA,NA,NA,NA,NA,NA,NA,NA,NA,NA,NA,NA,NA
"406",54,2,2,6,2,406,NA,NA,NA,NA,NA,NA,NA,NA,NA,NA,NA,NA,NA,NA,NA,NA,NA,NA,NA,NA,NA,NA,NA,NA,NA
"407",56,1,1,6,2,407,NA,NA,NA,NA,NA,NA,NA,NA,NA,NA,NA,NA,NA,NA,NA,NA,NA,NA,NA,NA,NA,NA,NA,NA,NA
"408",29,1,2,6,3,408,NA,NA,NA,NA,NA,NA,NA,NA,NA,NA,NA,NA,NA,NA,NA,NA,NA,NA,NA,NA,NA,NA,NA,NA,NA
"409",37,1,2,6,2,409,3,4,3,2,2,2,3,2,2,3,3,3,2,2,3,1,1,2,1,1,3,3,3,3,3
"410",23,2,2,6,2,410,3,4,2,3,3,4,4,2,3,3,3,4,3,3,4,1,1,3,3,1,2,3,2,1,2
"411",57,2,1,5,2,411,NA,NA,NA,NA,NA,NA,NA,NA,NA,NA,NA,NA,NA,NA,NA,NA,NA,NA,NA,NA,NA,NA,NA,NA,NA
"412",30,2,2,7,2,412,NA,NA,NA,NA,NA,NA,NA,NA,NA,NA,NA,NA,NA,NA,NA,NA,NA,NA,NA,NA,NA,NA,NA,NA,NA
"413",50,2,2,4,1,413,NA,NA,NA,NA,NA,NA,NA,NA,NA,NA,NA,NA,NA,NA,NA,NA,NA,NA,NA,NA,NA,NA,NA,NA,NA
"414",37,1,1,5,2,414,4,4,4,4,3,4,4,4,4,4,1,4,3,1,4,1,2,0,0,0,3,1,4,3,4
"415",69,1,2,7,2,415,NA,NA,NA,NA,NA,NA,NA,NA,NA,NA,NA,NA,NA,NA,NA,NA,NA,NA,NA,NA,NA,NA,NA,NA,NA
"416",41,1,2,6,3,416,NA,NA,NA,NA,NA,NA,NA,NA,NA,NA,NA,NA,NA,NA,NA,NA,NA,NA,NA,NA,NA,NA,NA,NA,NA
"417",48,2,2,7,2,417,2,3,1,3,3,2,3,1,3,3,2,3,1,1,3,3,2,1,1,1,2,3,3,2,3
"418",35,1,2,6,2,418,4,4,2,3,2,4,4,3,3,0,3,3,2,1,4,2,1,3,2,0,3,2,4,4,3
"419",25,2,2,5,1,419,4,4,4,4,4,4,4,4,4,4,4,1,3,3,4,0,3,3,3,0,1,0,3,3,3
"420",40,1,2,4,2,420,NA,NA,NA,NA,NA,NA,NA,NA,NA,NA,NA,NA,NA,NA,NA,NA,NA,NA,NA,NA,NA,NA,NA,NA,NA
"421",67,1,2,7,2,421,NA,NA,NA,NA,NA,NA,NA,NA,NA,NA,NA,NA,NA,NA,NA,NA,NA,NA,NA,NA,NA,NA,NA,NA,NA
"422",49,2,2,4,2,422,NA,NA,NA,NA,NA,NA,NA,NA,NA,NA,NA,NA,NA,NA,NA,NA,NA,NA,NA,NA,NA,NA,NA,NA,NA
"423",38,1,2,6,3,423,NA,NA,NA,NA,NA,NA,NA,NA,NA,NA,NA,NA,NA,NA,NA,NA,NA,NA,NA,NA,NA,NA,NA,NA,NA
"424",27,2,2,6,1,424,NA,NA,NA,NA,NA,NA,NA,NA,NA,NA,NA,NA,NA,NA,NA,NA,NA,NA,NA,NA,NA,NA,NA,NA,NA
"425",49,1,2,7,1,425,3,2,0,3,0,4,3,0,4,0,4,0,0,0,4,0,4,0,0,0,2,0,4,3,4
"426",48,1,2,6,1,426,NA,NA,NA,NA,NA,NA,NA,NA,NA,NA,NA,NA,NA,NA,NA,NA,NA,NA,NA,NA,NA,NA,NA,NA,NA
"427",32,2,4,6,2,427,4,4,4,3,3,4,4,4,3,4,4,4,4,4,4,0,0,0,3,0,2,3,3,3,2
"428",26,1,2,6,2,428,NA,NA,NA,NA,NA,NA,NA,NA,NA,NA,NA,NA,NA,NA,NA,NA,NA,NA,NA,NA,NA,NA,NA,NA,NA
"429",31,2,2,5,2,429,4,4,4,4,4,4,4,4,4,4,2,4,0,0,4,2,0,0,0,2,4,4,4,4,4
"430",43,2,2,6,1,430,NA,NA,NA,NA,NA,NA,NA,NA,NA,NA,NA,NA,NA,NA,NA,NA,NA,NA,NA,NA,NA,NA,NA,NA,NA
"431",26,1,2,6,3,431,NA,NA,NA,NA,NA,NA,NA,NA,NA,NA,NA,NA,NA,NA,NA,NA,NA,NA,NA,NA,NA,NA,NA,NA,NA
"432",45,2,8,6,3,432,NA,NA,NA,NA,NA,NA,NA,NA,NA,NA,NA,NA,NA,NA,NA,NA,NA,NA,NA,NA,NA,NA,NA,NA,NA
"433",37,2,2,5,3,433,NA,NA,NA,NA,NA,NA,NA,NA,NA,NA,NA,NA,NA,NA,NA,NA,NA,NA,NA,NA,NA,NA,NA,NA,NA
"434",72,1,2,6,2,434,3,4,0,4,2,4,4,1,4,1,2,3,1,3,2,2,1,2,0,3,2,2,4,3,3
"435",30,2,2,7,1,435,NA,NA,NA,NA,NA,NA,NA,NA,NA,NA,NA,NA,NA,NA,NA,NA,NA,NA,NA,NA,NA,NA,NA,NA,NA
"436",32,1,2,3,1,436,NA,NA,NA,NA,NA,NA,NA,NA,NA,NA,NA,NA,NA,NA,NA,NA,NA,NA,NA,NA,NA,NA,NA,NA,NA
"437",49,2,1,6,2,437,4,4,1,2,4,4,4,4,4,4,3,4,0,3,2,0,1,3,0,2,0,3,4,1,2
"438",57,1,4,4,3,438,NA,NA,NA,NA,NA,NA,NA,NA,NA,NA,NA,NA,NA,NA,NA,NA,NA,NA,NA,NA,NA,NA,NA,NA,NA
"439",47,1,2,7,1,439,3,2,1,4,1,2,2,1,3,1,1,1,3,0,3,3,3,1,0,0,3,3,4,4,4
"440",51,2,2,6,1,440,NA,NA,NA,NA,NA,NA,NA,NA,NA,NA,NA,NA,NA,NA,NA,NA,NA,NA,NA,NA,NA,NA,NA,NA,NA
"441",40,1,2,7,2,441,4,4,4,4,3,4,4,4,4,3,3,2,1,2,3,3,1,1,0,0,3,2,3,3,3
"442",34,2,2,6,1,442,3,4,3,4,3,4,4,4,4,3,0,3,0,1,2,3,1,0,0,2,2,3,3,3,3
"443",44,1,2,6,1,443,2,3,0,4,2,2,4,0,4,2,4,2,0,4,2,1,1,4,4,0,0,2,3,1,3
"444",55,2,2,5,1,444,NA,NA,NA,NA,NA,NA,NA,NA,NA,NA,NA,NA,NA,NA,NA,NA,NA,NA,NA,NA,NA,NA,NA,NA,NA
"445",52,1,5,7,2,445,NA,NA,NA,NA,NA,NA,NA,NA,NA,NA,NA,NA,NA,NA,NA,NA,NA,NA,NA,NA,NA,NA,NA,NA,NA
"446",40,2,2,7,1,446,4,4,4,4,2,4,4,4,4,1,1,2,4,0,3,4,0,0,0,0,4,2,4,4,4
"447",66,2,2,6,2,447,NA,NA,NA,NA,NA,NA,NA,NA,NA,NA,NA,NA,NA,NA,NA,NA,NA,NA,NA,NA,NA,NA,NA,NA,NA
"448",50,1,2,5,2,448,4,4,4,4,3,4,4,4,4,4,0,4,0,3,1,4,2,0,0,2,4,3,4,2,2
"449",42,6,2,6,2,449,4,4,4,4,4,4,4,4,4,4,3,4,0,3,4,3,0,1,2,0,3,2,4,4,4
"450",27,1,2,6,2,450,NA,NA,NA,NA,NA,NA,NA,NA,NA,NA,NA,NA,NA,NA,NA,NA,NA,NA,NA,NA,NA,NA,NA,NA,NA
"451",28,1,8,5,1,451,NA,NA,NA,NA,NA,NA,NA,NA,NA,NA,NA,NA,NA,NA,NA,NA,NA,NA,NA,NA,NA,NA,NA,NA,NA
"452",56,2,1,5,2,452,3,4,3,4,2,3,4,3,4,2,2,3,2,4,1,0,0,3,2,1,0,1,2,1,1
"453",62,2,2,7,2,453,2,4,0,3,1,1,4,0,3,0,2,3,4,4,2,0,3,1,0,0,3,1,3,2,1
"454",40,2,2,4,2,454,NA,NA,NA,NA,NA,NA,NA,NA,NA,NA,NA,NA,NA,NA,NA,NA,NA,NA,NA,NA,NA,NA,NA,NA,NA
"455",31,2,7,5,3,455,NA,NA,NA,NA,NA,NA,NA,NA,NA,NA,NA,NA,NA,NA,NA,NA,NA,NA,NA,NA,NA,NA,NA,NA,NA
"456",34,1,4,7,2,456,4,4,4,4,3,3,4,4,4,4,3,3,0,4,1,3,1,0,0,2,2,3,4,4,3
"457",37,2,2,6,1,457,1,0,0,0,0,1,1,0,0,0,3,4,2,0,2,1,0,0,0,3,2,2,4,4,3
"458",32,1,2,4,1,458,4,3,4,1,0,4,3,4,3,0,4,3,0,0,4,4,0,0,0,3,4,4,4,0,4
"459",34,2,1,7,2,459,4,2,2,4,3,4,3,2,4,3,3,2,0,0,3,1,1,1,0,0,2,2,3,4,3
"460",29,2,2,7,2,460,4,4,4,4,4,4,4,4,4,4,3,2,0,3,0,3,0,1,0,2,3,3,4,3,3
"461",62,2,2,4,1,461,4,4,4,4,3,4,4,4,4,2,4,4,0,4,2,0,0,3,4,2,0,4,3,1,0
"462",50,2,2,7,2,462,4,4,4,4,4,4,4,4,4,4,4,4,0,2,4,1,0,0,1,0,2,3,4,3,3
"463",35,2,2,6,1,463,4,4,3,3,1,4,4,4,4,1,1,3,0,3,1,1,1,1,1,1,3,2,3,3,3
"464",52,2,2,6,2,464,4,4,2,4,4,4,4,3,4,4,4,4,0,0,2,1,0,0,0,0,3,3,3,4,3
"465",40,2,2,6,2,465,NA,NA,NA,NA,NA,NA,NA,NA,NA,NA,NA,NA,NA,NA,NA,NA,NA,NA,NA,NA,NA,NA,NA,NA,NA
"466",65,2,2,6,1,466,4,4,3,4,1,4,4,3,3,1,3,3,1,2,1,3,1,3,0,2,3,3,3,3,3
"467",34,1,2,4,2,467,4,4,4,4,3,4,4,4,4,4,1,3,0,0,2,3,0,0,0,0,0,2,4,3,3
"468",48,1,2,5,2,468,NA,NA,NA,NA,NA,NA,NA,NA,NA,NA,NA,NA,NA,NA,NA,NA,NA,NA,NA,NA,NA,NA,NA,NA,NA
"469",42,2,2,7,1,469,3,3,2,4,0,4,4,2,4,1,4,1,3,4,4,1,0,3,3,0,0,0,4,1,3
"470",44,2,1,7,2,470,4,4,3,3,3,4,4,3,4,3,4,4,1,3,4,1,0,1,3,1,3,4,4,4,3
"471",51,1,2,6,2,471,3,4,2,3,0,3,4,3,2,0,1,3,1,2,2,3,3,3,0,1,2,2,4,3,3
"472",25,1,2,6,2,472,3,3,2,3,3,3,3,2,3,3,3,3,2,3,4,2,3,3,3,3,2,2,2,2,3
"473",44,1,5,6,2,473,NA,NA,NA,NA,NA,NA,NA,NA,NA,NA,NA,NA,NA,NA,NA,NA,NA,NA,NA,NA,NA,NA,NA,NA,NA
"474",26,2,2,6,2,474,NA,NA,NA,NA,NA,NA,NA,NA,NA,NA,NA,NA,NA,NA,NA,NA,NA,NA,NA,NA,NA,NA,NA,NA,NA
"475",24,1,2,6,3,475,NA,NA,NA,NA,NA,NA,NA,NA,NA,NA,NA,NA,NA,NA,NA,NA,NA,NA,NA,NA,NA,NA,NA,NA,NA
"476",43,1,2,5,1,476,4,4,3,4,3,4,4,4,4,2,3,4,3,1,3,3,0,0,0,0,4,3,4,4,3
"477",64,2,2,7,2,477,NA,NA,NA,NA,NA,NA,NA,NA,NA,NA,NA,NA,NA,NA,NA,NA,NA,NA,NA,NA,NA,NA,NA,NA,NA
"478",56,2,2,7,1,478,4,4,4,4,4,4,4,4,4,4,1,4,1,1,3,3,3,3,1,0,3,4,3,3,3
"479",40,1,2,6,2,479,NA,NA,NA,NA,NA,NA,NA,NA,NA,NA,NA,NA,NA,NA,NA,NA,NA,NA,NA,NA,NA,NA,NA,NA,NA
"480",69,2,2,6,3,480,NA,NA,NA,NA,NA,NA,NA,NA,NA,NA,NA,NA,NA,NA,NA,NA,NA,NA,NA,NA,NA,NA,NA,NA,NA
"481",66,2,2,5,1,481,4,0,4,4,4,4,4,4,4,4,3,4,2,4,4,0,0,2,1,1,0,4,3,3,2
"482",52,2,2,6,1,482,NA,NA,NA,NA,NA,NA,NA,NA,NA,NA,NA,NA,NA,NA,NA,NA,NA,NA,NA,NA,NA,NA,NA,NA,NA
"483",41,2,2,6,1,483,NA,NA,NA,NA,NA,NA,NA,NA,NA,NA,NA,NA,NA,NA,NA,NA,NA,NA,NA,NA,NA,NA,NA,NA,NA
"484",39,1,2,5,2,484,3,3,3,3,2,3,3,3,3,2,2,2,0,3,3,3,2,1,2,0,2,1,3,3,4
"485",43,2,2,6,1,485,4,4,4,4,4,4,4,4,4,4,2,2,0,0,0,3,0,0,0,2,4,0,4,4,4
"486",53,1,2,4,1,486,2,3,1,3,1,1,4,1,4,1,2,3,0,1,0,4,0,0,0,0,3,2,4,3,3
"487",56,1,2,5,1,487,3,3,1,2,1,3,3,1,2,1,4,3,0,0,3,3,0,0,0,0,3,3,4,4,4
"488",31,1,2,4,1,488,NA,NA,NA,NA,NA,NA,NA,NA,NA,NA,NA,NA,NA,NA,NA,NA,NA,NA,NA,NA,NA,NA,NA,NA,NA
"489",30,1,2,7,1,489,2,4,0,4,2,2,4,1,4,3,2,1,0,4,0,2,3,0,2,3,0,1,4,2,1
"490",68,2,2,6,2,490,4,4,4,4,3,4,4,4,4,3,0,4,0,0,4,4,3,0,0,0,4,4,4,4,4
"491",70,1,2,6,3,491,NA,NA,NA,NA,NA,NA,NA,NA,NA,NA,NA,NA,NA,NA,NA,NA,NA,NA,NA,NA,NA,NA,NA,NA,NA
"492",57,2,2,5,1,492,4,3,2,4,1,4,4,4,4,2,4,4,0,3,3,0,2,1,0,2,3,2,4,0,4
"493",32,2,2,6,2,493,3,4,3,4,4,4,4,4,4,4,3,3,3,4,4,1,1,0,1,0,2,3,4,1,3
"494",20,1,2,5,1,494,3,3,3,3,3,4,4,4,3,3,3,4,3,3,1,1,0,1,3,1,3,4,3,3,3
"495",33,1,2,7,1,495,NA,NA,NA,NA,NA,NA,NA,NA,NA,NA,NA,NA,NA,NA,NA,NA,NA,NA,NA,NA,NA,NA,NA,NA,NA
"496",52,2,2,5,3,496,NA,NA,NA,NA,NA,NA,NA,NA,NA,NA,NA,NA,NA,NA,NA,NA,NA,NA,NA,NA,NA,NA,NA,NA,NA
"497",60,2,2,6,1,497,4,4,4,4,4,4,4,4,4,4,0,4,1,0,4,3,0,3,4,0,0,4,4,3,3
"498",40,1,2,7,2,498,NA,NA,NA,NA,NA,NA,NA,NA,NA,NA,NA,NA,NA,NA,NA,NA,NA,NA,NA,NA,NA,NA,NA,NA,NA
"499",47,2,2,6,1,499,NA,NA,NA,NA,NA,NA,NA,NA,NA,NA,NA,NA,NA,NA,NA,NA,NA,NA,NA,NA,NA,NA,NA,NA,NA
"500",35,1,2,6,2,500,4,4,4,4,0,4,4,4,4,0,0,4,0,0,4,3,0,0,0,0,4,4,4,4,4
"501",69,2,2,6,1,501,4,4,4,3,0,4,4,4,4,0,1,4,1,3,3,2,0,0,3,1,1,3,4,4,3
"502",62,1,2,5,2,502,4,4,2,3,2,4,4,3,4,2,2,3,2,1,4,1,1,2,1,2,1,3,3,3,3
"503",73,1,1,6,2,503,2,3,0,4,3,2,4,0,3,0,4,1,3,0,0,0,3,1,0,0,1,4,4,2,4
"504",32,1,2,6,2,504,NA,NA,NA,NA,NA,NA,NA,NA,NA,NA,NA,NA,NA,NA,NA,NA,NA,NA,NA,NA,NA,NA,NA,NA,NA
"505",29,1,2,5,1,505,NA,NA,NA,NA,NA,NA,NA,NA,NA,NA,NA,NA,NA,NA,NA,NA,NA,NA,NA,NA,NA,NA,NA,NA,NA
"506",31,1,2,5,1,506,4,4,2,3,2,4,4,3,3,1,0,3,4,1,0,0,1,1,1,4,3,3,3,4,0
"507",58,2,2,6,1,507,NA,NA,NA,NA,NA,NA,NA,NA,NA,NA,NA,NA,NA,NA,NA,NA,NA,NA,NA,NA,NA,NA,NA,NA,NA
"508",51,2,2,6,1,508,NA,NA,NA,NA,NA,NA,NA,NA,NA,NA,NA,NA,NA,NA,NA,NA,NA,NA,NA,NA,NA,NA,NA,NA,NA
"509",39,2,2,6,1,509,3,3,2,3,0,3,2,2,3,0,4,4,3,4,3,0,1,3,3,1,1,3,3,2,1
"510",73,2,2,5,1,510,4,4,4,4,1,4,4,4,4,2,0,4,0,3,3,3,0,3,0,3,3,3,4,3,4
"511",27,2,2,6,2,511,3,4,1,4,3,4,4,2,4,2,1,4,0,1,4,1,1,1,0,0,0,3,2,1,4
"512",29,2,2,5,3,512,NA,NA,NA,NA,NA,NA,NA,NA,NA,NA,NA,NA,NA,NA,NA,NA,NA,NA,NA,NA,NA,NA,NA,NA,NA
"513",34,1,2,7,1,513,2,2,2,2,0,2,1,2,2,0,3,1,0,2,1,2,2,1,0,0,3,1,4,3,3
"514",57,1,2,6,1,514,4,4,3,4,4,4,4,4,4,4,3,3,1,3,3,2,3,1,2,1,2,2,3,3,3
"515",38,1,4,5,3,515,NA,NA,NA,NA,NA,NA,NA,NA,NA,NA,NA,NA,NA,NA,NA,NA,NA,NA,NA,NA,NA,NA,NA,NA,NA
"516",63,2,2,6,2,516,3,3,1,2,2,3,3,1,2,2,3,3,1,2,4,2,2,1,1,4,1,1,3,1,4
"517",42,1,1,6,3,517,NA,NA,NA,NA,NA,NA,NA,NA,NA,NA,NA,NA,NA,NA,NA,NA,NA,NA,NA,NA,NA,NA,NA,NA,NA
"518",36,1,2,6,1,518,2,3,1,3,2,3,3,2,3,2,4,0,2,3,1,2,2,3,2,2,1,0,3,2,1
"519",33,2,2,6,1,519,NA,NA,NA,NA,NA,NA,NA,NA,NA,NA,NA,NA,NA,NA,NA,NA,NA,NA,NA,NA,NA,NA,NA,NA,NA
"520",23,1,2,6,1,520,NA,NA,NA,NA,NA,NA,NA,NA,NA,NA,NA,NA,NA,NA,NA,NA,NA,NA,NA,NA,NA,NA,NA,NA,NA
"521",62,1,5,7,2,521,4,4,1,4,4,4,4,1,4,4,0,3,0,1,0,1,0,0,0,0,4,3,4,4,3
"522",21,2,2,6,2,522,NA,NA,NA,NA,NA,NA,NA,NA,NA,NA,NA,NA,NA,NA,NA,NA,NA,NA,NA,NA,NA,NA,NA,NA,NA
"523",47,2,2,5,2,523,NA,NA,NA,NA,NA,NA,NA,NA,NA,NA,NA,NA,NA,NA,NA,NA,NA,NA,NA,NA,NA,NA,NA,NA,NA
"524",43,1,2,6,1,524,NA,NA,NA,NA,NA,NA,NA,NA,NA,NA,NA,NA,NA,NA,NA,NA,NA,NA,NA,NA,NA,NA,NA,NA,NA
"525",48,1,2,7,1,525,3,1,1,2,2,2,1,1,1,1,4,3,2,2,3,2,1,2,3,0,2,2,2,2,3
"526",31,1,2,5,2,526,NA,NA,NA,NA,NA,NA,NA,NA,NA,NA,NA,NA,NA,NA,NA,NA,NA,NA,NA,NA,NA,NA,NA,NA,NA
"527",40,2,2,6,2,527,NA,NA,NA,NA,NA,NA,NA,NA,NA,NA,NA,NA,NA,NA,NA,NA,NA,NA,NA,NA,NA,NA,NA,NA,NA
"528",42,2,2,4,1,528,NA,NA,NA,NA,NA,NA,NA,NA,NA,NA,NA,NA,NA,NA,NA,NA,NA,NA,NA,NA,NA,NA,NA,NA,NA
"529",38,1,2,6,1,529,2,4,2,4,1,2,4,2,4,1,4,3,0,3,3,0,2,0,1,0,3,2,4,2,4
"530",31,1,2,7,2,530,NA,NA,NA,NA,NA,NA,NA,NA,NA,NA,NA,NA,NA,NA,NA,NA,NA,NA,NA,NA,NA,NA,NA,NA,NA
"531",44,2,2,5,1,531,4,4,3,3,0,4,4,3,3,0,4,3,1,3,2,0,0,2,1,1,0,2,3,2,1
"532",48,2,2,6,2,532,4,4,2,4,4,4,4,2,4,4,4,3,3,1,4,0,0,1,1,0,3,3,3,3,3
"533",33,1,2,6,1,533,4,4,4,4,4,4,4,4,4,4,3,3,0,1,3,2,0,0,0,0,3,4,3,2,3
"534",39,1,2,6,1,534,NA,NA,NA,NA,NA,NA,NA,NA,NA,NA,NA,NA,NA,NA,NA,NA,NA,NA,NA,NA,NA,NA,NA,NA,NA
"535",42,1,2,5,3,535,NA,NA,NA,NA,NA,NA,NA,NA,NA,NA,NA,NA,NA,NA,NA,NA,NA,NA,NA,NA,NA,NA,NA,NA,NA
"536",81,2,2,6,1,536,4,3,4,3,3,4,4,4,4,4,4,3,2,0,0,3,0,2,0,2,1,3,4,4,3
"537",29,2,2,5,2,537,NA,NA,NA,NA,NA,NA,NA,NA,NA,NA,NA,NA,NA,NA,NA,NA,NA,NA,NA,NA,NA,NA,NA,NA,NA
"538",61,2,2,5,3,538,NA,NA,NA,NA,NA,NA,NA,NA,NA,NA,NA,NA,NA,NA,NA,NA,NA,NA,NA,NA,NA,NA,NA,NA,NA
"539",46,2,2,7,2,539,NA,NA,NA,NA,NA,NA,NA,NA,NA,NA,NA,NA,NA,NA,NA,NA,NA,NA,NA,NA,NA,NA,NA,NA,NA
"540",34,1,2,6,1,540,NA,NA,NA,NA,NA,NA,NA,NA,NA,NA,NA,NA,NA,NA,NA,NA,NA,NA,NA,NA,NA,NA,NA,NA,NA
"541",50,1,2,6,2,541,4,4,4,3,1,4,4,4,3,1,4,3,0,4,0,1,0,1,1,3,3,2,3,3,2
"542",54,2,2,6,1,542,NA,NA,NA,NA,NA,NA,NA,NA,NA,NA,NA,NA,NA,NA,NA,NA,NA,NA,NA,NA,NA,NA,NA,NA,NA
"543",26,1,4,5,3,543,NA,NA,NA,NA,NA,NA,NA,NA,NA,NA,NA,NA,NA,NA,NA,NA,NA,NA,NA,NA,NA,NA,NA,NA,NA
"544",38,2,2,7,2,544,3,3,2,3,2,4,4,3,3,3,3,1,1,4,4,1,3,4,4,0,1,0,3,1,2
"545",27,1,4,6,2,545,4,3,4,4,4,4,4,4,4,4,4,3,2,0,4,1,2,3,0,2,3,3,2,4,2
"546",56,1,1,5,1,546,1,2,0,0,0,0,1,0,0,0,2,4,2,2,3,3,2,1,1,0,2,4,3,3,3
"547",56,2,2,7,2,547,NA,NA,NA,NA,NA,NA,NA,NA,NA,NA,NA,NA,NA,NA,NA,NA,NA,NA,NA,NA,NA,NA,NA,NA,NA
"548",35,1,2,7,1,548,4,4,2,3,3,4,4,2,4,2,1,2,1,2,1,2,1,1,1,0,2,3,4,4,3
"549",29,1,2,6,1,549,4,3,1,2,0,4,4,2,3,1,3,3,2,4,0,0,2,3,3,4,2,1,3,1,1
"550",35,1,2,7,2,550,NA,NA,NA,NA,NA,NA,NA,NA,NA,NA,NA,NA,NA,NA,NA,NA,NA,NA,NA,NA,NA,NA,NA,NA,NA
"551",32,2,2,7,2,551,NA,NA,NA,NA,NA,NA,NA,NA,NA,NA,NA,NA,NA,NA,NA,NA,NA,NA,NA,NA,NA,NA,NA,NA,NA
"552",42,2,2,6,1,552,4,4,4,4,1,4,4,4,4,0,4,1,0,3,3,0,1,0,0,0,1,3,3,4,1
"553",37,2,1,4,2,553,NA,NA,NA,NA,NA,NA,NA,NA,NA,NA,NA,NA,NA,NA,NA,NA,NA,NA,NA,NA,NA,NA,NA,NA,NA
"554",48,2,1,7,2,554,NA,NA,NA,NA,NA,NA,NA,NA,NA,NA,NA,NA,NA,NA,NA,NA,NA,NA,NA,NA,NA,NA,NA,NA,NA
"555",32,1,2,6,1,555,NA,NA,NA,NA,NA,NA,NA,NA,NA,NA,NA,NA,NA,NA,NA,NA,NA,NA,NA,NA,NA,NA,NA,NA,NA
"556",27,2,2,6,2,556,NA,NA,NA,NA,NA,NA,NA,NA,NA,NA,NA,NA,NA,NA,NA,NA,NA,NA,NA,NA,NA,NA,NA,NA,NA
"557",47,1,2,6,2,557,4,4,1,4,4,3,4,0,3,1,4,1,3,4,4,0,3,1,3,0,1,3,3,4,1
"558",37,1,2,6,1,558,NA,NA,NA,NA,NA,NA,NA,NA,NA,NA,NA,NA,NA,NA,NA,NA,NA,NA,NA,NA,NA,NA,NA,NA,NA
"559",49,1,2,6,1,559,4,4,3,3,1,4,4,3,2,0,0,3,0,1,4,4,3,0,0,0,4,4,3,3,4
"560",47,1,2,6,1,560,NA,NA,NA,NA,NA,NA,NA,NA,NA,NA,NA,NA,NA,NA,NA,NA,NA,NA,NA,NA,NA,NA,NA,NA,NA
"561",35,2,1,6,2,561,NA,NA,NA,NA,NA,NA,NA,NA,NA,NA,NA,NA,NA,NA,NA,NA,NA,NA,NA,NA,NA,NA,NA,NA,NA
"562",24,2,2,6,2,562,4,4,4,4,3,4,4,4,4,3,3,4,0,3,1,0,0,3,4,3,0,1,4,3,0
"563",43,1,4,6,1,563,NA,NA,NA,NA,NA,NA,NA,NA,NA,NA,NA,NA,NA,NA,NA,NA,NA,NA,NA,NA,NA,NA,NA,NA,NA
"564",48,1,2,7,1,564,NA,NA,NA,NA,NA,NA,NA,NA,NA,NA,NA,NA,NA,NA,NA,NA,NA,NA,NA,NA,NA,NA,NA,NA,NA
"565",28,2,2,7,2,565,NA,NA,NA,NA,NA,NA,NA,NA,NA,NA,NA,NA,NA,NA,NA,NA,NA,NA,NA,NA,NA,NA,NA,NA,NA
"566",37,1,5,6,3,566,NA,NA,NA,NA,NA,NA,NA,NA,NA,NA,NA,NA,NA,NA,NA,NA,NA,NA,NA,NA,NA,NA,NA,NA,NA
"567",27,2,2,6,2,567,3,4,1,4,3,3,4,1,4,4,2,4,0,1,4,2,0,2,1,0,3,4,4,3,4
"568",58,2,2,6,1,568,NA,NA,NA,NA,NA,NA,NA,NA,NA,NA,NA,NA,NA,NA,NA,NA,NA,NA,NA,NA,NA,NA,NA,NA,NA
"569",55,1,2,6,1,569,3,3,3,3,2,3,3,3,3,2,3,3,2,2,4,2,1,1,2,0,2,2,3,3,3
"570",25,1,2,6,1,570,2,2,1,2,2,2,2,1,2,2,3,3,0,0,3,3,0,0,0,0,4,3,4,4,4
"571",36,1,2,6,2,571,3,4,2,3,1,3,4,3,4,1,4,1,0,0,0,1,1,0,0,3,2,2,4,4,2
"572",33,2,6,6,2,572,4,4,4,4,4,4,4,4,4,4,2,3,0,0,3,0,0,0,0,2,4,2,3,2,2
"573",57,2,1,7,2,573,NA,NA,NA,NA,NA,NA,NA,NA,NA,NA,NA,NA,NA,NA,NA,NA,NA,NA,NA,NA,NA,NA,NA,NA,NA
"574",62,2,2,4,2,574,4,3,4,4,4,4,4,4,4,3,3,4,0,3,4,2,0,1,2,0,2,4,4,3,4
"575",32,2,2,6,1,575,NA,NA,NA,NA,NA,NA,NA,NA,NA,NA,NA,NA,NA,NA,NA,NA,NA,NA,NA,NA,NA,NA,NA,NA,NA
"576",31,2,2,5,2,576,4,4,3,4,3,4,4,3,4,3,1,4,0,1,2,2,0,0,0,0,4,4,4,4,3
"577",37,1,2,6,3,577,NA,NA,NA,NA,NA,NA,NA,NA,NA,NA,NA,NA,NA,NA,NA,NA,NA,NA,NA,NA,NA,NA,NA,NA,NA
"578",19,2,2,4,3,578,NA,NA,NA,NA,NA,NA,NA,NA,NA,NA,NA,NA,NA,NA,NA,NA,NA,NA,NA,NA,NA,NA,NA,NA,NA
"579",31,2,1,6,2,579,NA,NA,NA,NA,NA,NA,NA,NA,NA,NA,NA,NA,NA,NA,NA,NA,NA,NA,NA,NA,NA,NA,NA,NA,NA
"580",40,2,2,6,2,580,NA,NA,NA,NA,NA,NA,NA,NA,NA,NA,NA,NA,NA,NA,NA,NA,NA,NA,NA,NA,NA,NA,NA,NA,NA
"581",54,1,2,6,1,581,3,2,1,2,4,3,2,1,2,3,4,2,2,1,3,0,1,1,1,0,1,2,1,1,2
"582",53,2,2,5,1,582,NA,NA,NA,NA,NA,NA,NA,NA,NA,NA,NA,NA,NA,NA,NA,NA,NA,NA,NA,NA,NA,NA,NA,NA,NA
"583",31,1,4,4,2,583,4,4,4,4,2,4,4,4,4,2,2,3,0,3,0,0,0,0,3,0,1,3,3,4,2
"584",37,1,2,6,3,584,NA,NA,NA,NA,NA,NA,NA,NA,NA,NA,NA,NA,NA,NA,NA,NA,NA,NA,NA,NA,NA,NA,NA,NA,NA
"585",53,2,2,4,1,585,4,4,4,4,4,4,4,4,4,4,0,4,0,0,0,4,0,0,0,0,4,4,4,4,4
"586",66,2,2,5,3,586,NA,NA,NA,NA,NA,NA,NA,NA,NA,NA,NA,NA,NA,NA,NA,NA,NA,NA,NA,NA,NA,NA,NA,NA,NA
"587",36,2,2,5,1,587,4,4,4,3,0,4,4,4,4,1,3,3,1,2,3,1,0,1,1,0,2,4,3,3,3
"588",32,1,2,7,3,588,NA,NA,NA,NA,NA,NA,NA,NA,NA,NA,NA,NA,NA,NA,NA,NA,NA,NA,NA,NA,NA,NA,NA,NA,NA
"589",55,2,2,6,1,589,NA,NA,NA,NA,NA,NA,NA,NA,NA,NA,NA,NA,NA,NA,NA,NA,NA,NA,NA,NA,NA,NA,NA,NA,NA
"590",31,2,2,6,2,590,NA,NA,NA,NA,NA,NA,NA,NA,NA,NA,NA,NA,NA,NA,NA,NA,NA,NA,NA,NA,NA,NA,NA,NA,NA
"591",45,2,2,5,2,591,4,3,3,3,0,4,3,3,3,1,3,3,2,2,3,1,2,1,1,0,2,2,4,3,2
"592",42,1,2,5,3,592,NA,NA,NA,NA,NA,NA,NA,NA,NA,NA,NA,NA,NA,NA,NA,NA,NA,NA,NA,NA,NA,NA,NA,NA,NA
"593",26,1,2,5,2,593,4,3,0,3,0,4,4,0,3,0,3,1,1,4,2,1,2,4,4,2,0,0,3,2,2
"594",37,1,2,5,2,594,3,4,4,4,3,4,4,4,4,3,2,3,1,3,3,2,1,0,1,3,2,2,2,4,2
"595",27,2,2,6,2,595,NA,NA,NA,NA,NA,NA,NA,NA,NA,NA,NA,NA,NA,NA,NA,NA,NA,NA,NA,NA,NA,NA,NA,NA,NA
"596",34,2,2,5,1,596,NA,NA,NA,NA,NA,NA,NA,NA,NA,NA,NA,NA,NA,NA,NA,NA,NA,NA,NA,NA,NA,NA,NA,NA,NA
"597",29,1,2,6,1,597,4,4,4,4,0,4,4,4,4,0,3,1,0,2,0,3,1,0,0,4,2,0,4,4,1
"598",67,2,2,7,2,598,4,4,4,4,2,4,4,4,4,3,4,3,0,0,4,0,3,0,0,0,3,3,4,4,3
"599",34,1,2,6,1,599,NA,NA,NA,NA,NA,NA,NA,NA,NA,NA,NA,NA,NA,NA,NA,NA,NA,NA,NA,NA,NA,NA,NA,NA,NA
"600",38,1,2,7,1,600,1,0,0,2,1,2,0,0,1,0,1,0,0,2,3,2,2,1,1,0,3,1,3,2,2
"601",44,2,2,6,2,601,3,4,1,4,4,3,4,2,4,4,2,4,2,4,3,1,2,4,4,0,0,2,2,0,3
"602",37,2,2,4,1,602,4,4,2,4,0,4,4,2,3,3,0,3,0,3,0,1,0,0,2,4,1,1,4,3,3
"603",68,1,2,6,1,603,1,3,1,3,3,1,3,1,3,2,4,2,0,0,0,2,2,0,0,4,2,1,4,4,3
"604",35,1,2,7,1,604,NA,NA,NA,NA,NA,NA,NA,NA,NA,NA,NA,NA,NA,NA,NA,NA,NA,NA,NA,NA,NA,NA,NA,NA,NA
"605",70,1,2,7,1,605,NA,NA,NA,NA,NA,NA,NA,NA,NA,NA,NA,NA,NA,NA,NA,NA,NA,NA,NA,NA,NA,NA,NA,NA,NA
"606",31,1,2,6,1,606,NA,NA,NA,NA,NA,NA,NA,NA,NA,NA,NA,NA,NA,NA,NA,NA,NA,NA,NA,NA,NA,NA,NA,NA,NA
"607",59,2,2,5,1,607,NA,NA,NA,NA,NA,NA,NA,NA,NA,NA,NA,NA,NA,NA,NA,NA,NA,NA,NA,NA,NA,NA,NA,NA,NA
"608",38,1,2,7,2,608,4,4,3,4,3,4,4,3,4,4,1,3,0,3,3,4,1,0,1,0,3,3,4,3,4
"609",70,2,2,7,1,609,4,4,4,4,4,4,4,4,4,4,3,3,0,0,3,3,0,0,0,0,3,3,3,3,3
"610",60,2,2,6,1,610,NA,NA,NA,NA,NA,NA,NA,NA,NA,NA,NA,NA,NA,NA,NA,NA,NA,NA,NA,NA,NA,NA,NA,NA,NA
"611",47,1,2,5,4,611,NA,NA,NA,NA,NA,NA,NA,NA,NA,NA,NA,NA,NA,NA,NA,NA,NA,NA,NA,NA,NA,NA,NA,NA,NA
"612",41,1,2,6,2,612,NA,NA,NA,NA,NA,NA,NA,NA,NA,NA,NA,NA,NA,NA,NA,NA,NA,NA,NA,NA,NA,NA,NA,NA,NA
"613",37,2,2,6,1,613,NA,NA,NA,NA,NA,NA,NA,NA,NA,NA,NA,NA,NA,NA,NA,NA,NA,NA,NA,NA,NA,NA,NA,NA,NA
"614",28,1,2,5,1,614,NA,NA,NA,NA,NA,NA,NA,NA,NA,NA,NA,NA,NA,NA,NA,NA,NA,NA,NA,NA,NA,NA,NA,NA,NA
"615",34,2,2,6,2,615,NA,NA,NA,NA,NA,NA,NA,NA,NA,NA,NA,NA,NA,NA,NA,NA,NA,NA,NA,NA,NA,NA,NA,NA,NA
"616",58,1,2,6,2,616,1,4,1,4,4,3,4,1,4,4,4,3,0,3,4,1,2,1,2,0,1,2,3,2,3
"617",34,1,2,7,2,617,NA,NA,NA,NA,NA,NA,NA,NA,NA,NA,NA,NA,NA,NA,NA,NA,NA,NA,NA,NA,NA,NA,NA,NA,NA
"618",38,1,2,6,1,618,4,4,3,3,3,4,4,3,3,3,4,3,0,0,2,0,0,0,0,0,3,3,4,4,3
"619",34,1,7,4,3,619,NA,NA,NA,NA,NA,NA,NA,NA,NA,NA,NA,NA,NA,NA,NA,NA,NA,NA,NA,NA,NA,NA,NA,NA,NA
"620",32,1,2,7,1,620,4,3,3,3,0,4,3,3,3,0,1,3,0,0,0,3,0,0,0,0,3,4,4,4,4
"621",44,2,2,5,2,621,NA,NA,NA,NA,NA,NA,NA,NA,NA,NA,NA,NA,NA,NA,NA,NA,NA,NA,NA,NA,NA,NA,NA,NA,NA
"622",72,1,2,7,1,622,NA,NA,NA,NA,NA,NA,NA,NA,NA,NA,NA,NA,NA,NA,NA,NA,NA,NA,NA,NA,NA,NA,NA,NA,NA
"623",34,2,2,7,1,623,4,4,4,4,0,4,4,4,4,0,4,4,0,3,3,1,0,0,3,1,1,3,4,1,1
"624",29,1,6,6,2,624,4,4,4,4,4,4,4,4,4,4,0,3,0,0,3,2,0,0,0,0,3,3,3,3,3
"625",62,2,2,5,2,625,4,4,2,4,0,4,4,3,4,0,4,4,0,3,0,0,0,3,1,4,0,3,4,4,0
"626",34,1,2,6,1,626,4,3,3,3,3,4,4,4,4,3,2,3,1,2,2,2,1,2,1,1,3,2,2,3,3
"627",26,1,1,5,2,627,2,2,2,1,3,4,4,2,0,3,2,4,4,0,4,4,0,1,0,1,4,2,4,4,4
"628",44,2,6,6,2,628,3,1,3,2,0,3,1,2,2,0,3,4,1,0,1,2,0,0,0,1,3,4,4,4,3
"629",63,2,2,6,1,629,NA,NA,NA,NA,NA,NA,NA,NA,NA,NA,NA,NA,NA,NA,NA,NA,NA,NA,NA,NA,NA,NA,NA,NA,NA
"630",30,1,2,6,1,630,1,2,0,0,0,0,2,0,0,0,3,1,3,1,1,0,2,3,1,3,1,1,2,2,2
"631",47,1,2,6,1,631,4,3,0,2,0,3,3,1,2,0,4,4,1,2,3,0,3,4,2,2,1,1,0,1,2
"632",49,2,2,7,1,632,NA,NA,NA,NA,NA,NA,NA,NA,NA,NA,NA,NA,NA,NA,NA,NA,NA,NA,NA,NA,NA,NA,NA,NA,NA
"633",23,2,2,5,1,633,NA,NA,NA,NA,NA,NA,NA,NA,NA,NA,NA,NA,NA,NA,NA,NA,NA,NA,NA,NA,NA,NA,NA,NA,NA
"634",30,2,2,7,2,634,NA,NA,NA,NA,NA,NA,NA,NA,NA,NA,NA,NA,NA,NA,NA,NA,NA,NA,NA,NA,NA,NA,NA,NA,NA
"635",41,1,2,6,2,635,2,2,3,2,2,2,2,3,2,2,1,3,1,1,2,3,1,1,1,2,3,3,3,3,3
"636",58,2,2,6,2,636,4,4,2,4,4,4,4,3,4,3,0,3,4,4,4,4,2,3,3,0,3,2,3,1,4
"637",32,1,2,6,2,637,NA,NA,NA,NA,NA,NA,NA,NA,NA,NA,NA,NA,NA,NA,NA,NA,NA,NA,NA,NA,NA,NA,NA,NA,NA
"638",32,2,2,6,4,638,NA,NA,NA,NA,NA,NA,NA,NA,NA,NA,NA,NA,NA,NA,NA,NA,NA,NA,NA,NA,NA,NA,NA,NA,NA
"639",41,2,4,7,1,639,4,4,4,4,4,4,4,4,4,4,2,3,2,2,2,3,1,2,2,3,2,2,1,2,3
"640",58,2,2,7,1,640,4,3,1,3,3,4,4,1,3,2,3,4,1,2,4,4,1,1,0,0,3,4,4,4,3
"641",29,1,5,6,2,641,4,4,4,4,4,4,4,4,4,4,3,3,1,2,3,3,1,1,1,1,3,3,3,3,3
"642",27,2,2,7,1,642,NA,NA,NA,NA,NA,NA,NA,NA,NA,NA,NA,NA,NA,NA,NA,NA,NA,NA,NA,NA,NA,NA,NA,NA,NA
"643",40,1,2,6,2,643,NA,NA,NA,NA,NA,NA,NA,NA,NA,NA,NA,NA,NA,NA,NA,NA,NA,NA,NA,NA,NA,NA,NA,NA,NA
"644",38,2,2,5,1,644,NA,NA,NA,NA,NA,NA,NA,NA,NA,NA,NA,NA,NA,NA,NA,NA,NA,NA,NA,NA,NA,NA,NA,NA,NA
"645",55,2,2,5,1,645,NA,NA,NA,NA,NA,NA,NA,NA,NA,NA,NA,NA,NA,NA,NA,NA,NA,NA,NA,NA,NA,NA,NA,NA,NA
"646",39,2,2,6,1,646,NA,NA,NA,NA,NA,NA,NA,NA,NA,NA,NA,NA,NA,NA,NA,NA,NA,NA,NA,NA,NA,NA,NA,NA,NA
"647",41,2,2,6,2,647,4,3,1,2,0,4,4,2,3,1,1,4,0,2,3,0,0,2,1,2,3,3,4,3,3
"648",39,1,2,7,1,648,4,4,4,3,4,4,4,4,3,3,2,2,0,3,2,3,3,0,3,2,2,2,3,2,2
"649",33,2,1,6,2,649,NA,NA,NA,NA,NA,NA,NA,NA,NA,NA,NA,NA,NA,NA,NA,NA,NA,NA,NA,NA,NA,NA,NA,NA,NA
"650",34,2,1,4,2,650,NA,NA,NA,NA,NA,NA,NA,NA,NA,NA,NA,NA,NA,NA,NA,NA,NA,NA,NA,NA,NA,NA,NA,NA,NA
"651",34,1,4,4,1,651,NA,NA,NA,NA,NA,NA,NA,NA,NA,NA,NA,NA,NA,NA,NA,NA,NA,NA,NA,NA,NA,NA,NA,NA,NA
"652",35,1,1,4,2,652,2,3,2,4,2,4,4,4,4,2,4,2,0,0,3,2,0,0,2,2,1,1,4,1,3
"653",42,1,2,6,1,653,4,4,3,4,3,4,4,3,4,3,3,3,1,1,0,0,3,0,0,0,3,1,2,2,1
"654",68,2,2,5,1,654,NA,NA,NA,NA,NA,NA,NA,NA,NA,NA,NA,NA,NA,NA,NA,NA,NA,NA,NA,NA,NA,NA,NA,NA,NA
"655",36,2,2,6,2,655,4,4,3,4,3,4,4,4,4,4,3,4,0,3,2,2,1,2,1,2,2,3,4,3,2
"656",68,1,1,4,2,656,3,4,2,4,4,4,4,3,4,4,2,3,0,0,4,4,0,0,0,0,4,3,4,4,4
"657",28,2,8,7,2,657,4,4,1,4,4,4,4,2,4,4,3,3,0,0,2,1,0,1,0,0,2,3,4,4,3
"658",43,1,2,6,2,658,2,3,2,4,3,4,4,2,4,4,0,3,0,0,3,2,2,0,1,0,2,2,4,4,4
"659",28,1,2,6,2,659,4,1,2,4,4,4,3,2,4,4,4,2,3,4,2,0,1,3,4,2,1,0,0,2,1
"660",63,2,1,6,2,660,4,4,3,3,3,4,4,4,3,3,1,4,4,1,3,2,0,1,0,0,0,2,2,2,3
"661",59,2,2,5,1,661,NA,NA,NA,NA,NA,NA,NA,NA,NA,NA,NA,NA,NA,NA,NA,NA,NA,NA,NA,NA,NA,NA,NA,NA,NA
"662",55,1,2,6,2,662,NA,NA,NA,NA,NA,NA,NA,NA,NA,NA,NA,NA,NA,NA,NA,NA,NA,NA,NA,NA,NA,NA,NA,NA,NA
"663",59,2,1,7,2,663,NA,NA,NA,NA,NA,NA,NA,NA,NA,NA,NA,NA,NA,NA,NA,NA,NA,NA,NA,NA,NA,NA,NA,NA,NA
"664",47,2,1,6,2,664,4,4,4,3,3,4,4,4,3,4,1,3,0,1,3,3,1,0,0,1,3,2,4,3,3
"665",29,2,1,5,2,665,NA,NA,NA,NA,NA,NA,NA,NA,NA,NA,NA,NA,NA,NA,NA,NA,NA,NA,NA,NA,NA,NA,NA,NA,NA
"666",38,2,2,6,2,666,4,4,3,3,2,4,4,3,3,1,3,4,3,1,0,1,0,2,0,0,3,1,4,3,1
"667",27,2,1,7,2,667,NA,NA,NA,NA,NA,NA,NA,NA,NA,NA,NA,NA,NA,NA,NA,NA,NA,NA,NA,NA,NA,NA,NA,NA,NA
"668",38,1,2,6,2,668,NA,NA,NA,NA,NA,NA,NA,NA,NA,NA,NA,NA,NA,NA,NA,NA,NA,NA,NA,NA,NA,NA,NA,NA,NA
"669",26,1,2,6,1,669,NA,NA,NA,NA,NA,NA,NA,NA,NA,NA,NA,NA,NA,NA,NA,NA,NA,NA,NA,NA,NA,NA,NA,NA,NA
"670",29,2,4,7,2,670,NA,NA,NA,NA,NA,NA,NA,NA,NA,NA,NA,NA,NA,NA,NA,NA,NA,NA,NA,NA,NA,NA,NA,NA,NA
"671",61,1,2,6,2,671,4,4,2,4,0,4,4,3,4,1,4,4,3,0,3,1,0,3,1,2,0,3,4,4,4
"672",54,1,2,6,1,672,4,4,2,3,3,4,4,2,3,2,3,3,3,3,3,1,3,3,3,1,3,3,4,3,4
"673",40,1,2,6,1,673,NA,NA,NA,NA,NA,NA,NA,NA,NA,NA,NA,NA,NA,NA,NA,NA,NA,NA,NA,NA,NA,NA,NA,NA,NA
"674",36,1,2,6,1,674,NA,NA,NA,NA,NA,NA,NA,NA,NA,NA,NA,NA,NA,NA,NA,NA,NA,NA,NA,NA,NA,NA,NA,NA,NA
"675",48,1,2,6,2,675,NA,NA,NA,NA,NA,NA,NA,NA,NA,NA,NA,NA,NA,NA,NA,NA,NA,NA,NA,NA,NA,NA,NA,NA,NA
"676",28,1,5,6,2,676,NA,NA,NA,NA,NA,NA,NA,NA,NA,NA,NA,NA,NA,NA,NA,NA,NA,NA,NA,NA,NA,NA,NA,NA,NA
"677",54,1,2,4,1,677,NA,NA,NA,NA,NA,NA,NA,NA,NA,NA,NA,NA,NA,NA,NA,NA,NA,NA,NA,NA,NA,NA,NA,NA,NA
"678",41,1,2,5,1,678,NA,NA,NA,NA,NA,NA,NA,NA,NA,NA,NA,NA,NA,NA,NA,NA,NA,NA,NA,NA,NA,NA,NA,NA,NA
"679",28,2,2,6,1,679,NA,NA,NA,NA,NA,NA,NA,NA,NA,NA,NA,NA,NA,NA,NA,NA,NA,NA,NA,NA,NA,NA,NA,NA,NA
"680",32,1,1,6,2,680,NA,NA,NA,NA,NA,NA,NA,NA,NA,NA,NA,NA,NA,NA,NA,NA,NA,NA,NA,NA,NA,NA,NA,NA,NA
"681",24,1,4,5,2,681,NA,NA,NA,NA,NA,NA,NA,NA,NA,NA,NA,NA,NA,NA,NA,NA,NA,NA,NA,NA,NA,NA,NA,NA,NA
"682",52,1,2,4,1,682,2,2,1,1,0,2,3,3,3,1,3,3,1,1,3,2,0,0,1,1,2,3,4,3,3
"683",44,1,2,6,2,683,4,4,4,4,4,4,4,4,4,4,3,4,0,0,3,3,0,0,0,0,3,3,3,3,3
"684",45,1,2,7,1,684,NA,NA,NA,NA,NA,NA,NA,NA,NA,NA,NA,NA,NA,NA,NA,NA,NA,NA,NA,NA,NA,NA,NA,NA,NA
"685",37,2,2,5,1,685,NA,NA,NA,NA,NA,NA,NA,NA,NA,NA,NA,NA,NA,NA,NA,NA,NA,NA,NA,NA,NA,NA,NA,NA,NA
"686",61,2,2,6,2,686,4,4,3,4,4,4,4,2,4,4,3,3,2,1,4,1,2,2,1,0,1,3,4,2,3
"687",39,1,2,6,2,687,NA,NA,NA,NA,NA,NA,NA,NA,NA,NA,NA,NA,NA,NA,NA,NA,NA,NA,NA,NA,NA,NA,NA,NA,NA
"688",46,1,1,7,2,688,4,4,3,3,1,4,4,4,4,1,0,3,0,1,4,2,0,0,0,0,4,2,4,4,3
"689",47,1,2,6,3,689,NA,NA,NA,NA,NA,NA,NA,NA,NA,NA,NA,NA,NA,NA,NA,NA,NA,NA,NA,NA,NA,NA,NA,NA,NA
"690",46,2,2,5,1,690,2,2,1,2,0,4,4,3,3,0,4,4,0,3,4,0,0,0,2,0,2,3,4,3,3
"691",34,2,1,6,2,691,4,4,4,4,4,4,4,4,4,4,1,3,2,3,3,2,2,2,0,0,1,3,3,2,3
"692",26,2,8,6,2,692,NA,NA,NA,NA,NA,NA,NA,NA,NA,NA,NA,NA,NA,NA,NA,NA,NA,NA,NA,NA,NA,NA,NA,NA,NA
"693",27,1,4,5,3,693,NA,NA,NA,NA,NA,NA,NA,NA,NA,NA,NA,NA,NA,NA,NA,NA,NA,NA,NA,NA,NA,NA,NA,NA,NA
"694",33,1,2,7,3,694,NA,NA,NA,NA,NA,NA,NA,NA,NA,NA,NA,NA,NA,NA,NA,NA,NA,NA,NA,NA,NA,NA,NA,NA,NA
"695",34,2,1,6,2,695,NA,NA,NA,NA,NA,NA,NA,NA,NA,NA,NA,NA,NA,NA,NA,NA,NA,NA,NA,NA,NA,NA,NA,NA,NA
"696",59,2,2,4,1,696,4,4,4,4,4,4,4,4,4,4,3,4,3,4,1,1,3,1,3,3,2,4,4,3,1
"697",27,1,2,5,1,697,NA,NA,NA,NA,NA,NA,NA,NA,NA,NA,NA,NA,NA,NA,NA,NA,NA,NA,NA,NA,NA,NA,NA,NA,NA
"698",66,1,2,5,3,698,NA,NA,NA,NA,NA,NA,NA,NA,NA,NA,NA,NA,NA,NA,NA,NA,NA,NA,NA,NA,NA,NA,NA,NA,NA
"699",31,1,2,6,1,699,NA,NA,NA,NA,NA,NA,NA,NA,NA,NA,NA,NA,NA,NA,NA,NA,NA,NA,NA,NA,NA,NA,NA,NA,NA
"700",48,1,2,6,2,700,NA,NA,NA,NA,NA,NA,NA,NA,NA,NA,NA,NA,NA,NA,NA,NA,NA,NA,NA,NA,NA,NA,NA,NA,NA
"701",65,1,2,6,1,701,NA,NA,NA,NA,NA,NA,NA,NA,NA,NA,NA,NA,NA,NA,NA,NA,NA,NA,NA,NA,NA,NA,NA,NA,NA
"702",44,2,2,5,1,702,3,4,2,4,2,4,4,2,4,2,4,3,3,4,3,1,1,3,3,2,1,2,3,1,2
"703",23,2,2,6,1,703,NA,NA,NA,NA,NA,NA,NA,NA,NA,NA,NA,NA,NA,NA,NA,NA,NA,NA,NA,NA,NA,NA,NA,NA,NA
"704",55,1,2,6,1,704,2,1,1,2,1,2,2,1,2,0,3,2,0,1,1,1,1,1,1,1,1,2,3,3,1
"705",27,1,2,6,2,705,NA,NA,NA,NA,NA,NA,NA,NA,NA,NA,NA,NA,NA,NA,NA,NA,NA,NA,NA,NA,NA,NA,NA,NA,NA
"706",53,1,2,4,2,706,2,2,2,4,3,2,1,2,3,3,4,2,0,0,3,1,1,0,0,3,2,2,3,4,3
"707",26,1,2,7,2,707,NA,NA,NA,NA,NA,NA,NA,NA,NA,NA,NA,NA,NA,NA,NA,NA,NA,NA,NA,NA,NA,NA,NA,NA,NA
"708",34,1,2,6,1,708,NA,NA,NA,NA,NA,NA,NA,NA,NA,NA,NA,NA,NA,NA,NA,NA,NA,NA,NA,NA,NA,NA,NA,NA,NA
"709",46,2,2,7,2,709,NA,NA,NA,NA,NA,NA,NA,NA,NA,NA,NA,NA,NA,NA,NA,NA,NA,NA,NA,NA,NA,NA,NA,NA,NA
"710",29,1,2,6,1,710,1,1,0,2,2,1,2,0,2,2,4,0,0,4,0,0,3,3,3,0,0,1,4,3,0
"711",41,1,2,5,1,711,NA,NA,NA,NA,NA,NA,NA,NA,NA,NA,NA,NA,NA,NA,NA,NA,NA,NA,NA,NA,NA,NA,NA,NA,NA
"712",24,2,2,6,2,712,4,4,3,4,3,4,4,2,4,3,3,2,4,2,4,1,1,4,2,0,1,2,2,4,3
"713",44,1,2,7,1,713,3,3,2,3,3,3,3,2,3,3,4,2,1,0,1,1,0,0,0,0,3,4,4,4,4
"714",24,2,2,6,3,714,NA,NA,NA,NA,NA,NA,NA,NA,NA,NA,NA,NA,NA,NA,NA,NA,NA,NA,NA,NA,NA,NA,NA,NA,NA
"715",34,2,2,7,3,715,NA,NA,NA,NA,NA,NA,NA,NA,NA,NA,NA,NA,NA,NA,NA,NA,NA,NA,NA,NA,NA,NA,NA,NA,NA
"716",59,2,2,6,2,716,3,4,2,3,1,4,4,2,3,0,3,4,0,4,3,2,3,0,4,0,3,2,4,2,4
"717",52,2,2,5,2,717,4,4,4,4,4,4,4,4,4,4,4,4,0,3,2,3,0,0,4,4,0,3,3,1,1
"718",28,1,2,6,2,718,NA,NA,NA,NA,NA,NA,NA,NA,NA,NA,NA,NA,NA,NA,NA,NA,NA,NA,NA,NA,NA,NA,NA,NA,NA
"719",36,2,2,6,2,719,NA,NA,NA,NA,NA,NA,NA,NA,NA,NA,NA,NA,NA,NA,NA,NA,NA,NA,NA,NA,NA,NA,NA,NA,NA
"720",38,2,5,6,1,720,3,4,2,3,0,4,4,3,4,1,3,3,1,2,3,2,0,3,1,1,3,3,3,3,3
"721",60,2,2,6,1,721,4,4,2,4,3,4,4,3,4,3,1,4,1,3,3,4,1,4,3,0,3,1,1,1,3
"722",66,2,2,5,2,722,4,4,3,3,3,4,4,3,3,2,4,4,3,3,1,2,3,4,4,0,0,3,3,1,2
"723",54,2,2,5,1,723,1,1,1,1,0,1,1,1,1,0,4,4,1,1,2,0,3,0,0,0,2,4,4,4,2
"724",43,2,2,6,1,724,3,3,2,3,3,4,4,3,4,4,3,3,0,4,2,0,1,1,1,1,2,2,4,2,2
"725",40,2,2,4,1,725,NA,NA,NA,NA,NA,NA,NA,NA,NA,NA,NA,NA,NA,NA,NA,NA,NA,NA,NA,NA,NA,NA,NA,NA,NA
"726",69,2,2,6,1,726,4,2,2,2,4,4,4,3,3,4,4,2,3,3,4,1,3,4,4,0,0,2,3,3,3
"727",32,1,2,5,1,727,NA,NA,NA,NA,NA,NA,NA,NA,NA,NA,NA,NA,NA,NA,NA,NA,NA,NA,NA,NA,NA,NA,NA,NA,NA
"728",25,1,2,6,1,728,NA,NA,NA,NA,NA,NA,NA,NA,NA,NA,NA,NA,NA,NA,NA,NA,NA,NA,NA,NA,NA,NA,NA,NA,NA
"729",25,1,2,4,1,729,NA,NA,NA,NA,NA,NA,NA,NA,NA,NA,NA,NA,NA,NA,NA,NA,NA,NA,NA,NA,NA,NA,NA,NA,NA
"730",42,2,2,6,2,730,NA,NA,NA,NA,NA,NA,NA,NA,NA,NA,NA,NA,NA,NA,NA,NA,NA,NA,NA,NA,NA,NA,NA,NA,NA
"731",35,2,2,6,2,731,NA,NA,NA,NA,NA,NA,NA,NA,NA,NA,NA,NA,NA,NA,NA,NA,NA,NA,NA,NA,NA,NA,NA,NA,NA
"732",58,1,5,6,1,732,NA,NA,NA,NA,NA,NA,NA,NA,NA,NA,NA,NA,NA,NA,NA,NA,NA,NA,NA,NA,NA,NA,NA,NA,NA
"733",44,2,2,7,1,733,NA,NA,NA,NA,NA,NA,NA,NA,NA,NA,NA,NA,NA,NA,NA,NA,NA,NA,NA,NA,NA,NA,NA,NA,NA
"734",28,1,2,6,1,734,4,4,4,4,4,4,4,4,4,4,4,0,0,0,0,4,3,0,0,0,0,0,4,4,3
"735",33,1,2,6,2,735,4,3,2,3,0,4,4,2,3,0,0,4,0,0,4,2,0,0,0,0,4,2,4,4,4
"736",41,1,2,6,2,736,3,4,3,4,3,3,4,3,4,4,1,3,0,0,1,2,1,0,0,0,2,2,3,4,4
"737",32,1,2,6,2,737,4,4,4,4,2,4,4,4,4,4,1,3,1,2,2,2,0,1,1,2,3,3,4,3,2
"738",47,1,1,5,1,738,4,4,4,4,0,4,4,4,4,0,3,4,3,0,0,4,0,0,0,4,3,3,4,4,3
"739",61,1,2,4,2,739,NA,NA,NA,NA,NA,NA,NA,NA,NA,NA,NA,NA,NA,NA,NA,NA,NA,NA,NA,NA,NA,NA,NA,NA,NA
"740",36,1,2,4,1,740,4,3,2,3,0,4,3,2,3,0,4,0,0,4,3,0,1,1,3,1,1,0,4,0,3
"741",22,2,2,6,2,741,3,3,2,3,3,3,4,2,4,3,3,2,1,3,3,1,3,1,2,1,1,2,3,2,3
"742",50,2,4,5,1,742,3,3,2,2,1,4,4,1,2,0,3,4,2,1,3,3,3,3,2,1,3,2,3,2,1
"743",45,2,6,6,1,743,NA,NA,NA,NA,NA,NA,NA,NA,NA,NA,NA,NA,NA,NA,NA,NA,NA,NA,NA,NA,NA,NA,NA,NA,NA
"744",47,1,2,5,2,744,NA,NA,NA,NA,NA,NA,NA,NA,NA,NA,NA,NA,NA,NA,NA,NA,NA,NA,NA,NA,NA,NA,NA,NA,NA
"745",45,1,2,6,1,745,NA,NA,NA,NA,NA,NA,NA,NA,NA,NA,NA,NA,NA,NA,NA,NA,NA,NA,NA,NA,NA,NA,NA,NA,NA
"746",47,1,4,5,2,746,4,4,2,4,0,4,4,2,4,1,4,2,4,3,4,0,1,3,1,4,2,1,3,1,2
"747",23,2,2,6,2,747,NA,NA,NA,NA,NA,NA,NA,NA,NA,NA,NA,NA,NA,NA,NA,NA,NA,NA,NA,NA,NA,NA,NA,NA,NA
"748",41,1,2,6,1,748,3,1,0,4,1,3,3,0,3,1,3,1,3,4,1,0,1,4,4,3,0,0,1,0,0
"749",34,1,1,6,3,749,NA,NA,NA,NA,NA,NA,NA,NA,NA,NA,NA,NA,NA,NA,NA,NA,NA,NA,NA,NA,NA,NA,NA,NA,NA
"750",30,1,2,5,3,750,NA,NA,NA,NA,NA,NA,NA,NA,NA,NA,NA,NA,NA,NA,NA,NA,NA,NA,NA,NA,NA,NA,NA,NA,NA
"751",42,1,2,5,2,751,NA,NA,NA,NA,NA,NA,NA,NA,NA,NA,NA,NA,NA,NA,NA,NA,NA,NA,NA,NA,NA,NA,NA,NA,NA
"752",44,1,2,7,1,752,2,2,1,2,1,2,2,1,2,1,0,1,0,0,2,3,1,0,0,0,2,2,4,4,2
"753",36,2,2,7,1,753,4,4,4,3,3,4,4,4,4,3,3,4,1,4,3,1,1,2,1,1,2,3,3,3,2
"754",47,2,2,5,1,754,NA,NA,NA,NA,NA,NA,NA,NA,NA,NA,NA,NA,NA,NA,NA,NA,NA,NA,NA,NA,NA,NA,NA,NA,NA
"755",72,1,2,6,1,755,3,4,3,4,4,4,4,4,4,4,4,4,0,0,2,2,0,0,0,0,2,3,3,3,2
"756",49,2,2,7,2,756,NA,NA,NA,NA,NA,NA,NA,NA,NA,NA,NA,NA,NA,NA,NA,NA,NA,NA,NA,NA,NA,NA,NA,NA,NA
"757",48,2,2,6,1,757,4,4,2,0,0,4,4,2,1,0,3,4,0,4,0,1,0,0,0,0,3,4,4,4,4
"758",25,2,2,7,2,758,NA,NA,NA,NA,NA,NA,NA,NA,NA,NA,NA,NA,NA,NA,NA,NA,NA,NA,NA,NA,NA,NA,NA,NA,NA
"759",32,1,2,5,1,759,NA,NA,NA,NA,NA,NA,NA,NA,NA,NA,NA,NA,NA,NA,NA,NA,NA,NA,NA,NA,NA,NA,NA,NA,NA
"760",43,2,2,4,2,760,4,3,3,3,4,4,4,4,4,4,4,4,3,4,4,0,0,4,0,3,1,1,4,4,3
"761",50,2,2,6,2,761,4,4,3,4,3,4,4,3,4,4,3,3,3,3,4,3,0,1,3,0,1,1,1,4,3
"762",68,2,2,6,2,762,NA,NA,NA,NA,NA,NA,NA,NA,NA,NA,NA,NA,NA,NA,NA,NA,NA,NA,NA,NA,NA,NA,NA,NA,NA
"763",32,2,2,4,1,763,4,4,3,3,0,4,4,2,3,0,3,3,4,3,1,3,1,4,3,3,0,0,3,1,4
"764",56,1,2,5,2,764,2,4,1,3,0,3,4,1,3,0,0,4,3,3,4,4,4,3,1,0,1,1,4,3,4
"765",24,2,2,6,1,765,NA,NA,NA,NA,NA,NA,NA,NA,NA,NA,NA,NA,NA,NA,NA,NA,NA,NA,NA,NA,NA,NA,NA,NA,NA
"766",33,1,2,4,1,766,NA,NA,NA,NA,NA,NA,NA,NA,NA,NA,NA,NA,NA,NA,NA,NA,NA,NA,NA,NA,NA,NA,NA,NA,NA
"767",28,1,2,4,2,767,NA,NA,NA,NA,NA,NA,NA,NA,NA,NA,NA,NA,NA,NA,NA,NA,NA,NA,NA,NA,NA,NA,NA,NA,NA
"768",33,2,2,4,1,768,NA,NA,NA,NA,NA,NA,NA,NA,NA,NA,NA,NA,NA,NA,NA,NA,NA,NA,NA,NA,NA,NA,NA,NA,NA
"769",51,2,2,6,2,769,4,4,3,4,1,4,4,4,4,0,3,3,3,1,1,0,3,3,0,4,0,0,4,4,0
"770",60,2,2,5,1,770,4,0,3,2,3,4,2,4,3,3,0,4,0,0,2,1,0,0,0,3,3,3,4,4,3
"771",29,1,2,7,1,771,2,3,3,3,2,3,3,3,2,3,2,3,1,3,2,1,3,3,3,2,2,2,3,2,4
"772",25,1,2,6,2,772,NA,NA,NA,NA,NA,NA,NA,NA,NA,NA,NA,NA,NA,NA,NA,NA,NA,NA,NA,NA,NA,NA,NA,NA,NA
"773",55,2,2,5,3,773,NA,NA,NA,NA,NA,NA,NA,NA,NA,NA,NA,NA,NA,NA,NA,NA,NA,NA,NA,NA,NA,NA,NA,NA,NA
"774",43,1,2,5,2,774,3,3,1,3,4,4,4,2,3,4,4,1,2,3,3,2,3,3,3,1,0,1,4,2,2
"775",30,1,2,6,1,775,NA,NA,NA,NA,NA,NA,NA,NA,NA,NA,NA,NA,NA,NA,NA,NA,NA,NA,NA,NA,NA,NA,NA,NA,NA
"776",56,2,7,5,2,776,NA,NA,NA,NA,NA,NA,NA,NA,NA,NA,NA,NA,NA,NA,NA,NA,NA,NA,NA,NA,NA,NA,NA,NA,NA
"777",35,2,2,5,2,777,NA,NA,NA,NA,NA,NA,NA,NA,NA,NA,NA,NA,NA,NA,NA,NA,NA,NA,NA,NA,NA,NA,NA,NA,NA
"778",28,2,2,5,3,778,NA,NA,NA,NA,NA,NA,NA,NA,NA,NA,NA,NA,NA,NA,NA,NA,NA,NA,NA,NA,NA,NA,NA,NA,NA
"779",22,2,1,5,3,779,NA,NA,NA,NA,NA,NA,NA,NA,NA,NA,NA,NA,NA,NA,NA,NA,NA,NA,NA,NA,NA,NA,NA,NA,NA
"780",45,2,2,7,1,780,4,4,3,4,1,4,4,4,4,3,0,4,2,1,3,3,0,1,3,1,4,4,4,4,3
"781",39,1,5,6,1,781,NA,NA,NA,NA,NA,NA,NA,NA,NA,NA,NA,NA,NA,NA,NA,NA,NA,NA,NA,NA,NA,NA,NA,NA,NA
"782",27,1,2,5,1,782,NA,NA,NA,NA,NA,NA,NA,NA,NA,NA,NA,NA,NA,NA,NA,NA,NA,NA,NA,NA,NA,NA,NA,NA,NA
"783",23,1,2,6,2,783,NA,NA,NA,NA,NA,NA,NA,NA,NA,NA,NA,NA,NA,NA,NA,NA,NA,NA,NA,NA,NA,NA,NA,NA,NA
"784",73,2,2,6,1,784,4,4,0,4,0,3,4,0,4,0,4,4,0,0,1,0,0,1,0,0,2,3,4,4,2
"785",57,2,2,6,2,785,NA,NA,NA,NA,NA,NA,NA,NA,NA,NA,NA,NA,NA,NA,NA,NA,NA,NA,NA,NA,NA,NA,NA,NA,NA
"786",55,1,2,4,1,786,NA,NA,NA,NA,NA,NA,NA,NA,NA,NA,NA,NA,NA,NA,NA,NA,NA,NA,NA,NA,NA,NA,NA,NA,NA
"787",60,2,2,5,2,787,NA,NA,NA,NA,NA,NA,NA,NA,NA,NA,NA,NA,NA,NA,NA,NA,NA,NA,NA,NA,NA,NA,NA,NA,NA
"788",71,2,2,5,1,788,NA,NA,NA,NA,NA,NA,NA,NA,NA,NA,NA,NA,NA,NA,NA,NA,NA,NA,NA,NA,NA,NA,NA,NA,NA
"789",30,2,2,6,1,789,4,4,4,3,3,4,4,4,4,2,3,4,1,3,1,2,0,3,3,3,2,3,3,4,3
"790",22,1,6,6,2,790,4,4,3,4,3,3,3,3,3,3,2,2,2,2,2,2,2,2,2,2,2,2,2,2,2
"791",39,2,2,6,4,791,NA,NA,NA,NA,NA,NA,NA,NA,NA,NA,NA,NA,NA,NA,NA,NA,NA,NA,NA,NA,NA,NA,NA,NA,NA
"792",29,1,2,6,2,792,4,4,3,4,4,4,4,3,4,4,3,2,3,4,3,1,3,3,2,1,2,2,3,4,3
"793",44,1,2,5,1,793,NA,NA,NA,NA,NA,NA,NA,NA,NA,NA,NA,NA,NA,NA,NA,NA,NA,NA,NA,NA,NA,NA,NA,NA,NA
"794",31,1,2,5,2,794,2,3,1,3,3,2,4,1,4,4,4,3,2,2,3,0,0,3,2,3,1,3,3,3,2
"795",44,2,2,7,2,795,4,4,4,4,4,4,4,4,4,4,3,4,3,3,1,2,3,1,2,2,0,2,4,2,3
"796",19,2,2,5,2,796,NA,NA,NA,NA,NA,NA,NA,NA,NA,NA,NA,NA,NA,NA,NA,NA,NA,NA,NA,NA,NA,NA,NA,NA,NA
"797",22,2,4,5,2,797,NA,NA,NA,NA,NA,NA,NA,NA,NA,NA,NA,NA,NA,NA,NA,NA,NA,NA,NA,NA,NA,NA,NA,NA,NA
"798",59,1,2,6,1,798,4,4,4,4,3,4,4,4,4,3,0,4,1,0,3,4,0,0,0,0,3,4,4,4,4
"799",28,2,2,4,2,799,NA,NA,NA,NA,NA,NA,NA,NA,NA,NA,NA,NA,NA,NA,NA,NA,NA,NA,NA,NA,NA,NA,NA,NA,NA
"800",42,2,2,6,1,800,NA,NA,NA,NA,NA,NA,NA,NA,NA,NA,NA,NA,NA,NA,NA,NA,NA,NA,NA,NA,NA,NA,NA,NA,NA
"801",42,2,2,5,1,801,3,3,3,3,4,4,4,4,3,3,3,4,4,4,0,0,0,4,4,4,0,2,1,0,0
"802",39,1,2,5,3,802,NA,NA,NA,NA,NA,NA,NA,NA,NA,NA,NA,NA,NA,NA,NA,NA,NA,NA,NA,NA,NA,NA,NA,NA,NA
"803",31,2,2,6,2,803,4,4,1,2,0,4,4,1,2,1,4,4,3,3,4,0,0,2,2,0,1,3,2,2,2
"804",69,2,2,4,1,804,4,3,2,1,0,4,3,2,3,2,3,4,1,1,2,0,0,1,3,4,3,4,3,4,1
"805",64,1,2,6,2,805,3,3,1,4,2,3,3,1,4,2,4,3,0,0,3,2,0,2,1,1,0,2,4,4,3
"806",30,2,2,5,1,806,4,1,3,2,0,4,1,3,2,0,3,4,0,2,4,0,0,0,0,0,0,2,3,2,3
"807",36,2,2,6,2,807,NA,NA,NA,NA,NA,NA,NA,NA,NA,NA,NA,NA,NA,NA,NA,NA,NA,NA,NA,NA,NA,NA,NA,NA,NA
"808",29,2,2,6,2,808,4,3,3,3,2,4,4,3,4,2,0,3,4,4,4,2,3,4,0,0,4,4,3,4,3
"809",46,2,2,6,1,809,NA,NA,NA,NA,NA,NA,NA,NA,NA,NA,NA,NA,NA,NA,NA,NA,NA,NA,NA,NA,NA,NA,NA,NA,NA
"810",39,2,2,5,1,810,NA,NA,NA,NA,NA,NA,NA,NA,NA,NA,NA,NA,NA,NA,NA,NA,NA,NA,NA,NA,NA,NA,NA,NA,NA
"811",51,1,2,5,1,811,1,1,3,2,1,1,1,3,1,1,4,4,0,0,2,2,0,0,0,0,4,4,4,4,4
"812",28,2,2,4,2,812,NA,NA,NA,NA,NA,NA,NA,NA,NA,NA,NA,NA,NA,NA,NA,NA,NA,NA,NA,NA,NA,NA,NA,NA,NA
"813",37,2,2,5,2,813,NA,NA,NA,NA,NA,NA,NA,NA,NA,NA,NA,NA,NA,NA,NA,NA,NA,NA,NA,NA,NA,NA,NA,NA,NA
"814",44,2,2,6,2,814,4,4,4,4,2,4,4,4,4,2,4,1,4,1,4,4,3,4,3,0,0,0,2,3,4
"815",33,1,2,7,3,815,NA,NA,NA,NA,NA,NA,NA,NA,NA,NA,NA,NA,NA,NA,NA,NA,NA,NA,NA,NA,NA,NA,NA,NA,NA
"816",55,2,5,6,2,816,4,4,3,3,3,4,4,3,4,4,4,1,0,2,4,0,3,0,1,0,3,2,4,4,4
"817",24,1,2,6,3,817,NA,NA,NA,NA,NA,NA,NA,NA,NA,NA,NA,NA,NA,NA,NA,NA,NA,NA,NA,NA,NA,NA,NA,NA,NA
"818",56,2,2,7,1,818,NA,NA,NA,NA,NA,NA,NA,NA,NA,NA,NA,NA,NA,NA,NA,NA,NA,NA,NA,NA,NA,NA,NA,NA,NA
"819",31,1,1,6,2,819,NA,NA,NA,NA,NA,NA,NA,NA,NA,NA,NA,NA,NA,NA,NA,NA,NA,NA,NA,NA,NA,NA,NA,NA,NA
"820",29,2,2,5,1,820,4,4,4,4,4,4,4,4,4,4,3,4,0,2,1,1,0,0,1,0,0,4,4,4,4
"821",31,1,5,6,2,821,NA,NA,NA,NA,NA,NA,NA,NA,NA,NA,NA,NA,NA,NA,NA,NA,NA,NA,NA,NA,NA,NA,NA,NA,NA
"822",60,1,2,7,1,822,3,3,3,3,1,3,3,3,3,1,3,4,1,2,3,3,1,1,3,1,3,3,4,4,4
"823",53,2,2,5,1,823,4,3,1,4,1,4,3,1,4,0,4,4,1,3,1,2,1,3,1,3,2,4,4,4,3
"824",36,1,2,6,1,824,NA,NA,NA,NA,NA,NA,NA,NA,NA,NA,NA,NA,NA,NA,NA,NA,NA,NA,NA,NA,NA,NA,NA,NA,NA
"825",29,1,2,7,1,825,NA,NA,NA,NA,NA,NA,NA,NA,NA,NA,NA,NA,NA,NA,NA,NA,NA,NA,NA,NA,NA,NA,NA,NA,NA
"826",38,2,2,6,2,826,4,4,4,4,4,4,4,4,4,4,3,4,0,1,2,4,0,0,0,0,2,4,4,4,4
"827",38,2,2,5,2,827,NA,NA,NA,NA,NA,NA,NA,NA,NA,NA,NA,NA,NA,NA,NA,NA,NA,NA,NA,NA,NA,NA,NA,NA,NA
"828",66,2,2,7,2,828,4,4,2,4,4,4,4,2,4,4,3,3,4,0,4,2,1,4,3,0,0,3,2,2,3
"829",36,2,4,5,2,829,NA,NA,NA,NA,NA,NA,NA,NA,NA,NA,NA,NA,NA,NA,NA,NA,NA,NA,NA,NA,NA,NA,NA,NA,NA
"830",33,1,2,5,1,830,NA,NA,NA,NA,NA,NA,NA,NA,NA,NA,NA,NA,NA,NA,NA,NA,NA,NA,NA,NA,NA,NA,NA,NA,NA
"831",44,2,2,6,2,831,NA,NA,NA,NA,NA,NA,NA,NA,NA,NA,NA,NA,NA,NA,NA,NA,NA,NA,NA,NA,NA,NA,NA,NA,NA
"832",32,1,2,5,1,832,NA,NA,NA,NA,NA,NA,NA,NA,NA,NA,NA,NA,NA,NA,NA,NA,NA,NA,NA,NA,NA,NA,NA,NA,NA
"833",34,2,1,6,2,833,NA,NA,NA,NA,NA,NA,NA,NA,NA,NA,NA,NA,NA,NA,NA,NA,NA,NA,NA,NA,NA,NA,NA,NA,NA
"834",61,1,2,4,1,834,0,2,0,1,0,0,2,0,1,0,2,3,0,0,1,2,1,0,0,0,1,2,3,3,2
"835",35,1,2,7,2,835,4,4,2,3,1,4,4,2,4,2,4,3,4,2,3,0,2,2,3,0,3,3,2,1,2
"836",44,1,2,4,1,836,4,4,1,4,4,4,4,1,4,4,0,2,0,0,2,1,0,0,0,3,3,3,4,4,1
"837",42,1,2,6,1,837,NA,NA,NA,NA,NA,NA,NA,NA,NA,NA,NA,NA,NA,NA,NA,NA,NA,NA,NA,NA,NA,NA,NA,NA,NA
"838",32,2,1,6,2,838,NA,NA,NA,NA,NA,NA,NA,NA,NA,NA,NA,NA,NA,NA,NA,NA,NA,NA,NA,NA,NA,NA,NA,NA,NA
"839",48,2,2,6,1,839,NA,NA,NA,NA,NA,NA,NA,NA,NA,NA,NA,NA,NA,NA,NA,NA,NA,NA,NA,NA,NA,NA,NA,NA,NA
"840",39,2,2,6,1,840,NA,NA,NA,NA,NA,NA,NA,NA,NA,NA,NA,NA,NA,NA,NA,NA,NA,NA,NA,NA,NA,NA,NA,NA,NA
"841",59,2,2,7,1,841,4,4,0,3,2,4,4,1,3,1,3,4,1,3,2,0,0,1,1,3,3,3,4,2,3
"842",29,2,5,6,2,842,2,4,3,3,3,1,4,1,4,4,3,3,0,4,1,0,3,3,4,0,0,2,3,3,3
